date,open,high,low,close,volume,return_1d,return_3d,return_5d,volatility_5d,volume_change_1d,hl_spread,sma_5,sma_10,sma_20,rsi_14,macd,macd_signal,macd_hist,next_day_return,target_up,article_count,avg_sentiment,median_sentiment,sentiment_std,avg_relevance,bullish_share,bearish_share,neutral_share,weighted_sentiment,vix,fed_funds_rate,yield_curve,cpi,unemployment,oil_wti,high_yield_spread,sp500_return_1d,vix_ma5,has_news
2025-12-12,348.0,349.84,345.97,347.83,6942265,0.006365188207042127,0.06532924961715159,0.05008453085376163,0.029327355877699295,-0.46406608395020255,0.0111261248310955,334.506,332.049,330.2685,71.10355092494157,2.185931672903507,0.5193950885507841,1.6665365843527231,-0.002702469597217025,0,26,0.2066446923076923,0.1662115,0.09925021309469083,0.6462470384615385,0.5384615384615384,0.0,0.46153846153846156,0.2081768584411903,15.74,3.64,0.67,326.031,4.4,57.61,2.91,-0.0106636719316041,15.989999999999998,1
2025-12-15,347.83,348.45,343.83,346.89,7004647,-0.002702469597216983,0.06496177815982551,0.061345000611920275,0.027540568737639364,0.008985828112294758,0.013318342990573395,338.51599999999996,333.69899999999996,331.112,68.8531618435156,3.080046414977687,1.0315253538361648,2.048521061141522,-0.005131309637060661,0,19,0.12889847368421053,0.137663,0.18238418377497312,0.6454276842105263,0.3684210526315789,0.05263157894736842,0.5789473684210527,0.12316319834176048,16.5,3.64,0.67,326.031,4.4,56.97,2.91,-0.0015965058492165,15.957999999999998,1
2025-12-16,346.0,347.62,343.72,345.11,7269268,-0.005131309637060655,-0.0015044990307553352,0.056998468606431985,0.028090208868022284,0.03777792085739651,0.011300744690098743,342.238,335.248,332.08,62.24537037037047,3.6034691170017936,1.5459141064692907,2.0575550105325027,-0.0020283387905305223,0,14,0.10972757142857144,0.119594,0.15387742318517647,0.6321150714285714,0.21428571428571427,0.07142857142857142,0.7142857142857143,0.09460328391236632,16.48,3.64,0.67,326.031,4.4,55.44,2.98,-0.002383917869995,15.868,1
2025-12-17,345.55,347.79,343.68,344.41,7263538,-0.0020283387905305483,-0.009832389385619256,0.05734811039818255,0.028050002489240937,-0.000788249931079732,0.011933451409657134,345.974,336.728,333.2415,62.30305838739578,3.9166524975961465,2.0200617846946622,1.8965907129014843,0.004645625852907772,1,21,0.2935662857142857,0.331179,0.15455986412783326,0.7718065238095239,0.7142857142857143,0.0,0.2857142857142857,0.3201511272466693,17.62,3.64,0.67,326.031,4.4,56.07,2.99,-0.0115922038275007,16.238,1
2025-12-18,345.17,347.53,344.27,346.01,6805017,0.004645625852907731,-0.0025368272362996658,0.001099441599398121,0.004989523993440853,-0.06312639928365493,0.00942169301465273,346.05,338.619,334.336,63.114939922920016,4.245025203217438,2.4650544683992175,1.77997073481822,0.009363891217016876,1,8,0.24111149999999998,0.20724199999999998,0.14046113574732538,0.716214875,0.5,0.0,0.5,0.26308086829563543,16.87,3.64,0.66,326.031,4.4,56.22,2.95,0.0079343234996123,16.642,1
2025-12-19,346.05,349.91,346.05,349.25,18623948,0.009363891217016862,0.011996175132566345,0.004082454072391828,0.0059910757232296925,1.7367966898539708,0.01105225483178243,346.334,340.41999999999996,335.61,71.77829099307169,4.712382448895426,2.9145200644984595,1.797862384396966,0.008131710808876091,1,5,0.1393934,0.114508,0.09474279417084974,0.7030072,0.2,0.0,0.8,0.12561588878122443,14.91,3.64,0.68,326.031,4.4,56.8,2.9,0.0088180245499471,16.476,1
2025-12-22,350.0,353.44,349.59,352.09,5043517,0.008131710808876091,0.022299004093957686,0.014990342759952702,0.006343184752916017,-0.7291918448225908,0.01093470419495022,347.37399999999997,342.94500000000005,336.81550000000004,74.76305929027998,5.251395875578851,3.381895226714538,1.8695006488643129,0.003663835951035305,1,13,0.24464661538461538,0.293443,0.12886095515938772,0.7182677692307693,0.6153846153846154,0.0,0.38461538461538464,0.26366711673030446,14.08,3.64,0.73,326.031,4.4,58.18,2.88,0.0064364620674519,15.992,1
2025-12-23,352.0,356.38,352.0,353.38,3703221,0.0036638359510352547,0.021299962428831476,0.02396337399669668,0.004468230644641284,-0.26574630362106444,0.01239458939385363,349.02799999999996,345.633,338.0195,75.47695605573425,5.716760858016528,3.848868352974936,1.867892505041592,0.0049804742769822595,1,12,0.23400358333333335,0.224936,0.10617711412323225,0.6537700833333333,0.5833333333333334,0.0,0.4166666666666667,0.24115970261716627,14.0,3.64,0.7,326.031,4.4,58.55,2.83,0.0045504173154282,15.496,1
2025-12-24,353.38,355.99,353.01,355.14,2023556,0.0049804742769823385,0.016864710093056567,0.031154728376063368,0.002452955643862725,-0.45356866360392745,0.008391057047924814,351.174,348.574,339.05,80.54466230936825,6.156613640746684,4.310417410529286,1.846196230217398,-0.0003942107337950846,0,8,0.30791999999999997,0.3437705,0.10543099026648393,0.77839375,0.875,0.0,0.125,0.31781346968388424,13.47,3.64,0.68,326.031,4.4,58.72,2.84,0.0032215161386959,14.666,1
2025-12-26,355.1,356.725,353.71,355.0,2016968,-0.0003942107337950862,0.008264932261637714,0.025981908037340018,0.0038608020556991623,-0.003255654896627491,0.008492957746478996,352.97200000000004,349.511,340.1105,78.35322195704066,6.419898713931389,4.732313671209707,1.6875850427216816,-0.0010985915492957362,0,8,0.202184125,0.1694165,0.10814627572933339,0.59724725,0.5,0.0,0.5,0.20531993775567825,13.6,3.64,0.68,326.031,4.4,56.6,2.86,-0.0003043832632483,13.724,1
2025-12-29,355.49,356.55,353.8,354.61,3989891,-0.0010985915492957021,0.003480672364027493,0.01534717251252693,0.003840588788795232,0.9781627670840589,0.00775499844900031,354.044,350.189,341.119,86.645552916337,6.5219038429058855,5.090231705548943,1.4316721373569425,-0.0027917994416401374,0,10,0.1624625,0.14454499999999998,0.1057467594525819,0.6401948,0.4,0.0,0.6,0.17114133662238432,14.2,3.64,0.67,326.031,4.4,57.89,2.87,-0.0034920937266411,13.748,1
2025-12-30,354.0,354.87,352.66,353.62,3366487,-0.002791799441640097,-0.0042800022526326975,0.004345479848902434,0.003300903507761952,-0.15624587238097487,0.006249646513206209,354.35,350.86199999999997,342.28049999999996,85.1842241826675,6.448524341755956,5.361890232790346,1.08663410896561,-0.0082291725581133,0,23,0.17043369565217392,0.223115,0.1544122358830516,0.6925548695652174,0.5217391304347826,0.043478260869565216,0.43478260869565216,0.17755049038826748,14.33,3.64,0.69,326.031,4.4,57.79,2.84,-0.0013756671985912,13.814000000000002,1
2025-12-31,353.65,355.2,350.69,350.71,3503151,-0.008229172558113285,-0.012084507042253612,-0.007555605863376558,0.004752124073411528,0.04059543375631636,0.01285962761255736,353.816,351.422,343.335,80.70304818092433,6.085409070578578,5.5065940003479925,0.5788150702305854,-0.012061247184283202,0,16,0.2184009375,0.3026815,0.1601673246820207,0.731554625,0.75,0.0625,0.1875,0.20869271501350636,14.95,3.64,0.71,326.031,4.4,57.26,2.81,-0.0073576325649918,14.11,1
2026-01-02,349.87,350.05,343.48,346.48,5403770,-0.012061247184283252,-0.022926595414680895,-0.02438474967618398,0.0050389254367076185,0.542545553988395,0.018962133456476543,352.084,351.629,344.1785,51.6993202718913,5.394131760447237,5.484101552367842,-0.08996979192060461,0.02112676056338026,1,6,0.07072483333333333,0.1311365,0.19696033004279484,0.612279,0.16666666666666666,0.16666666666666666,0.6666666666666666,0.06832795030070714,14.51,3.64,0.72,326.588,4.3,57.21,2.83,0.0018946753341611,14.588,1
2026-01-05,344.5,357.535,344.05,353.8,7592151,0.021126760563380254,0.0005090209829761161,-0.0033802816901408184,0.012909963008858643,0.4049730095840496,0.038114754098360695,351.84400000000005,352.408,345.51349999999996,59.90706936608041,5.3749927652110046,5.462279794936475,-0.08728702972547087,0.01062747314867154,1,4,0.25325475,0.2378515,0.15931169432358067,0.67761925,0.5,0.0,0.5,0.282738095028661,14.9,3.64,0.71,326.588,4.3,58.1,2.81,0.00635418686675,14.728,1
2026-01-06,353.68,358.62,352.0,357.56,6775412,0.010627473148671518,0.01953180690599088,0.0083189983362002,0.013831391280229548,-0.1075767592082929,0.01851437520975502,352.434,353.239,346.8295,66.19119878603954,5.59868736706062,5.489561309361305,0.10912605769931538,-0.004698512137823041,0,10,0.1567959,0.1381045,0.16428166680190187,0.6274613,0.3,0.1,0.6,0.15793970110140657,14.75,3.64,0.71,326.588,4.3,56.97,2.79,0.0061967096732129,14.812,1
2026-01-07,357.15,358.28,354.51,355.88,6333895,-0.004698512137823019,0.027129993073193193,0.006391041230699557,0.014012479407601558,-0.06516459810857256,0.010593458469146852,352.886,353.618,348.2815,66.39269406392697,5.576126871449276,5.5068744217789,0.06925244967037614,-0.010256266157131554,0,13,0.260413,0.32112,0.15168836832082194,0.6860910769230769,0.6153846153846154,0.0,0.38461538461538464,0.2814093155811115,15.38,3.64,0.68,326.588,4.3,56.01,2.79,-0.0034399739662078,14.898,1
2026-01-08,355.0,356.35,349.5,352.23,6357646,-0.0102562661571316,-0.004437535330695241,0.004334065182059366,0.014383443341323092,0.0037498253444365748,0.019447520086307304,353.19,353.50300000000004,349.568,60.92178770949723,5.20373757293379,5.446247052009878,-0.24250947907608822,-0.006984072906907521,0,8,0.229436125,0.30699,0.16558868991608394,0.703886125,0.75,0.0,0.25,0.22578480397770306,15.45,3.64,0.7,326.588,4.3,57.74,2.76,7.65793036485718e-05,14.998,1
2026-01-09,352.16,354.6966,349.155,349.77,4903262,-0.006984072906907501,-0.021786553305738976,0.009495497575617629,0.013379640660608741,-0.22876140005278678,0.01584355433570637,353.848,352.966,350.77000000000004,55.128205128205124,4.6564384065990225,5.288285322927707,-0.6318469163286844,-0.018783772193155485,0,14,0.2459262142857143,0.17421350000000002,0.17655431478603387,0.6490397857142857,0.5,0.0,0.5,0.265198286113211,14.49,3.64,0.64,326.588,4.3,58.96,2.74,0.0064755123918942,14.994,1
2026-01-12,342.78,346.51,337.32,343.2,13281280,-0.018783772193155523,-0.03562998763628189,-0.029960429621255003,0.010731658257513845,1.7086621110599434,0.02677738927738927,351.728,351.78599999999994,350.6485,42.43560890222553,3.6504753742102594,4.960723333184218,-1.3102479589739584,-0.04463869463869462,0,17,0.005606352941176464,0.119887,0.29267316846205366,0.671156294117647,0.35294117647058826,0.29411764705882354,0.35294117647058826,-0.010804131536907742,15.12,3.64,0.65,326.588,4.3,59.39,2.74,0.0015775995222702,15.038,1
2026-01-13,337.0,337.52,323.83,327.88,20383504,-0.04463869463869463,-0.06913096556227472,-0.08300704776820678,0.01631085926403531,0.5347544814957594,0.041753080395266554,345.79200000000003,349.113,349.651,26.929674099485425,1.5986185781882227,4.2883023821850195,-2.6896838039967967,0.00393436623154819,1,18,0.17579027777777778,0.18653,0.25547510935827816,0.6909212222222222,0.5555555555555556,0.1111111111111111,0.3333333333333333,0.1706933479005727,15.98,3.64,0.65,326.588,4.3,60.85,2.75,-0.001939153852438,15.284,1
2026-01-14,328.66,329.9,323.94,329.17,9388417,0.003934366231548081,-0.05889584584155294,-0.07505338878273571,0.0182855132118637,-0.5394110355118531,0.018106145760549197,340.45,346.668,348.765,26.929674099485425,0.07572657471575894,3.4457872206911677,-3.3700606459754088,-0.004313880365768496,0,16,0.16669781250000001,0.184013,0.17723051276015978,0.691499375,0.5,0.0625,0.4375,0.17488328590870023,16.75,3.64,0.64,326.588,4.3,61.84,2.76,-0.005333340992053,15.558000000000002,1
2026-01-15,329.33,331.69,326.37,327.75,8587654,-0.004313880365768519,-0.0450174825174825,-0.06950004258581044,0.018882373712621945,-0.08529265370296191,0.016231884057970995,335.554,344.37199999999996,347.89700000000005,23.729138691732217,-1.2315617650386343,2.5103174235452075,-3.741879188583842,0.0016781083142639553,1,11,0.10443054545454546,0.148833,0.19236906729636324,0.6227443636363637,0.45454545454545453,0.18181818181818182,0.36363636363636365,0.1005089332495692,15.84,3.64,0.61,326.588,4.3,59.13,2.71,0.0025799093350271,15.636,1
2026-01-16,326.78,329.25,325.4,328.3,8341619,0.0016781083142638487,0.001280956447480941,-0.06138319467078357,0.020065348833049963,-0.02864985012204735,0.011727078891258064,331.26000000000005,342.554,347.0915,24.590787971069688,-2.1978809854725228,1.5686777417416615,-3.7665587272141843,-0.00755406640268053,0,7,0.06953057142857143,0.106302,0.14398303216103525,0.7562639999999999,0.14285714285714285,0.14285714285714285,0.7142857142857143,0.07074583357115656,15.86,3.64,0.65,326.588,4.3,59.4,2.65,-0.0006422376365654,15.91,1
2026-01-20,322.225,328.32,321.56,325.82,8269632,-0.007554066402680526,-0.010177112130510091,-0.05064102564102568,0.019802389900776034,-0.008629859503293091,0.02074765207783436,327.784,339.756,346.082,23.650009152480322,-3.1277563748669195,0.6293909184199454,-3.757147293286865,-0.00165735682278565,0,11,0.11166163636363637,0.139047,0.23868284369064852,0.6874775454545454,0.2727272727272727,0.09090909090909091,0.6363636363636364,0.14716264743007143,20.09,3.64,0.7,326.588,4.3,60.3,2.73,-0.0206267714311652,17.476,1
2026-01-21,326.43,328.67,323.0,325.28,8974643,-0.0016573568227856716,-0.007536231884058053,-0.007929730389166889,0.0045878379200401855,0.08525300763081112,0.017431136251844614,327.264,336.528,344.8835,23.84643779992618,-3.8637241998925447,-0.2692321052425526,-3.594492094649992,0.0033202164289229,1,8,0.16602725,0.15883799999999998,0.08491357963373282,0.6007905,0.5,0.0,0.5,0.16871323907751537,16.9,3.64,0.66,326.588,4.3,60.38,2.69,0.011587703733783,17.506,1
2026-01-22,326.46,328.39,324.0,326.36,6938702,0.003320216428922995,-0.005909229363387114,-0.008536622413950257,0.004407899887094337,-0.22685481751196124,0.013451403358254645,326.702,333.576,343.597,26.743075453677235,-4.310152277050577,-1.0774161396041575,-3.232736137446419,-0.0005515381786983908,0,11,0.15086390909090908,0.147331,0.09638190043826127,0.6499982727272727,0.36363636363636365,0.0,0.6363636363636364,0.14791068860980192,15.64,3.64,0.65,326.588,4.3,59.24,2.64,0.0054875051268103,17.466,1
2026-01-23,325.86,327.8,324.62,326.18,5667908,-0.000551538178698352,0.0011049045485238551,-0.004790236460716968,0.004165767557238654,-0.18314578144442573,0.00974921822306704,326.38800000000003,330.971,342.23699999999997,28.985507246376855,-4.625158294458686,-1.7869645705750634,-2.8381937238836223,0.007081979275246803,1,11,0.2033930909090909,0.256814,0.10972360792687648,0.6619942727272727,0.5454545454545454,0.0,0.45454545454545453,0.21098332934932013,16.09,3.64,0.64,326.588,4.3,60.7,2.68,0.0003269037442048,17.512,1
2026-01-26,328.0,332.0,325.03,328.49,7540150,0.007081979275246786,0.009868421052631637,0.0005787389582698754,0.005504804463115786,0.33032328682822665,0.021218301926999382,326.426,328.843,340.9045,20.76692076692086,-4.634976019841645,-2.35656686042838,-2.2784091594132647,-0.009832871624707048,0,8,0.213495375,0.175992,0.1333798187411076,0.60496925,0.625,0.0,0.375,0.2116848480216143,16.15,3.64,0.66,326.588,4.3,60.46,2.69,0.0050060659869484,16.973999999999997,1
2026-01-27,328.475,328.93,324.91,325.26,6181006,-0.00983287162470703,-0.0033705110920456693,-0.0017187404088147007,0.006332002436370602,-0.1802542389740257,0.012359343294595038,326.31399999999996,327.04900000000004,339.4175,12.231057062675532,-4.847511548049397,-2.8547557979525835,-1.9927557500968134,0.005288077230523358,1,13,0.21504492307692308,0.209187,0.18389839166029587,0.6883861538461538,0.5384615384615384,0.0,0.46153846153846156,0.23877604310784872,16.35,3.64,0.71,326.588,4.3,62.04,2.71,0.0040818793047137,16.226000000000003,1
2026-01-28,326.73,328.39,324.88,326.98,8105960,0.005288077230523269,0.002452633515237057,0.0052262666010822745,0.006717535828390374,0.3114305341234096,0.010734601504679158,326.654,326.959,338.03599999999994,16.23831775700951,-4.821577713476586,-3.248120181057384,-1.573457532419202,0.01474096275001527,1,11,0.12665890909090907,0.128595,0.17069471881312237,0.6699334545454545,0.36363636363636365,0.09090909090909091,0.5454545454545454,0.12728835341420613,16.35,3.64,0.7,326.588,4.3,62.75,2.72,-8.16782735792998e-05,16.116,1
2026-01-29,330.0,333.36,323.51,331.8,10214234,0.01474096275001524,0.010076410240798861,0.016668709400661896,0.009171257275373735,0.2600893663427897,0.029686558167570893,327.742,327.22200000000004,336.945,26.768251080282113,-4.361811003045148,-3.470858345454937,-0.8909526575902107,-0.0300482218203738,0,7,0.07563457142857143,0.13261,0.23960843665924142,0.6520612857142857,0.2857142857142857,0.2857142857142857,0.42857142857142855,0.03811158769125339,16.88,3.64,0.71,326.588,4.3,64.77,2.77,-0.001292628435246,16.363999999999997,1
2026-01-30,332.22,333.0,321.6,321.83,11199090,-0.03004822182037381,-0.010545409825985397,-0.013336194739101193,0.01776499517339279,0.09641995669964087,0.0354224279899325,326.872,326.63,335.501,22.863247863247977,-4.747215306803525,-3.7261297377246545,-1.021085569078871,0.037317838610446484,1,19,0.11811331578947368,0.119932,0.24506096715784664,0.7035973157894737,0.3684210526315789,0.15789473684210525,0.47368421052631576,0.14714064294521334,17.44,3.64,0.74,326.588,4.3,64.5,2.8,-0.0043019022788028,16.634,1
2026-02-02,324.83,334.69,324.105,333.84,8502426,0.03731783861044646,0.0209798764450424,0.01628664495113985,0.025379376917836385,-0.24079313587086093,0.03170680565540373,327.942,327.18399999999997,334.869,41.77793394237528,-4.037008247847211,-3.7883054397491662,-0.24870280809804513,-0.014707644380541483,0,20,0.1649915,0.190168,0.17105797712456255,0.67367355,0.6,0.05,0.35,0.17733431151824203,16.34,3.64,0.72,326.588,4.3,61.6,2.81,0.0053912434446889,16.672000000000004,1
2026-02-03,331.65,335.79,328.87,328.93,9072789,-0.014707644380541507,-0.008649789029535837,0.011283281067453688,0.026102607826317518,0.06708238331036331,0.021037910801690377,328.67600000000004,327.495,333.6255,51.128789507632774,-3.826253335583999,-3.7958950189161333,-0.030358316667865815,0.0031009637308849355,1,14,0.2226365,0.256942,0.1497303381173327,0.6538420714285714,0.6428571428571429,0.0,0.35714285714285715,0.22785258649658627,18.0,3.64,0.71,326.588,4.3,62.62,2.85,-0.0084039997477222,17.002,1
2026-02-04,327.11,331.31,324.415,329.95,8472261,0.003100963730884976,0.025230711866513378,0.009083124350113048,0.02606288190501642,-0.06619001059101015,0.020897105622063896,329.27,327.962,332.245,50.843425605536304,-3.5361604175934076,-3.7439480986515883,0.20778768105818068,-0.0024852250340960547,0,8,0.23767275,0.255252,0.10949432695121698,0.71706675,0.625,0.0,0.375,0.2536135179892597,18.64,3.64,0.72,326.588,4.3,64.56,2.86,-0.005072414535814,17.46,1
2026-02-05,333.0,337.59,328.82,329.13,8339033,-0.0024852250340960946,-0.014108554996405398,-0.008047016274864371,0.02509140844356285,-0.0157252001561331,0.026646006137392465,328.736,328.239,330.90749999999997,51.51183172655565,-3.333994622386001,-3.6619574033984708,0.3279627810124697,0.007443867164949985,1,6,0.09163550000000002,0.098555,0.18913769756000523,0.6559351666666666,0.3333333333333333,0.16666666666666666,0.5,0.11042277486113342,21.77,3.64,0.74,326.588,4.3,62.9,2.97,-0.0122509705465282,18.438,1
2026-02-06,331.78,335.125,327.1,331.58,7798819,0.0074438671649499355,0.00805642537925988,0.03029549762296857,0.01931328579079248,-0.06478137213271606,0.024202304119669393,330.686,328.779,329.875,53.44972654606644,-2.942166781441415,-3.5179992790070598,0.5758324975656448,-0.018095180650220158,0,11,0.18682654545454547,0.205033,0.11037311981761107,0.6523886363636364,0.6363636363636364,0.0,0.36363636363636365,0.18936634022846113,17.76,3.64,0.72,326.588,4.3,63.77,2.87,0.0196958107790068,18.502,1
2026-02-09,330.76,332.82,323.62,325.58,8513414,-0.0180951806502202,-0.013244430974390098,-0.024742391564821498,0.011096265868740476,0.09162861710215364,0.028257263959702652,329.034,328.488,328.66549999999995,49.76498237367802,-3.080282669231849,-3.430455957052018,0.3501732878201689,0.007955034093003355,1,4,0.22640875,0.239256,0.08682869239053413,0.7284835,0.75,0.0,0.25,0.22509167491988494,17.36,3.64,0.74,326.588,4.3,64.53,2.84,0.0046910837672922,18.706,1
2026-02-10,324.71,329.88,324.55,328.17,5801843,0.007955034093003244,-0.0029167806034089416,-0.0023105219955613654,0.010736105883508477,-0.3185057134540855,0.016241582106834823,328.88199999999995,328.779,327.914,52.72076821690834,-2.9467804996177165,-3.333720865565158,0.3869403659474413,0.003260505225949944,1,15,0.2113408,0.136937,0.1269123366344997,0.6560694666666667,0.4666666666666667,0.0,0.5333333333333333,0.221599853419079,17.79,3.64,0.71,326.588,4.3,64.2,2.86,-0.0033037465433419,18.664,1
2026-02-11,326.92,331.038,326.42,329.24,8264294,0.0032605052259500056,-0.007057120453585752,-0.0021518411880587784,0.010749400899204979,0.4244256523315091,0.014026242254890034,328.74,329.005,327.98199999999997,52.711864406779654,-2.723247113172249,-3.211626115086576,0.48837900191432704,-0.015368727979589363,0,12,0.064962,0.12039849999999999,0.2095059866104937,0.6592555833333333,0.16666666666666666,0.16666666666666666,0.6666666666666666,0.05674839792672721,17.65,3.64,0.66,326.588,4.3,64.8,2.84,-4.897858051433612e-05,18.466,1
2026-02-12,328.89,332.24,324.0,324.18,9392613,-0.015368727979589325,-0.004300018428650354,-0.015039649986327563,0.012738949385995275,0.13652938774927414,0.02541797766672839,327.75,328.243,327.73249999999996,48.2752673335633,-2.9207266866047235,-3.153446229390206,0.23271954278548268,-0.031155530877907404,0,12,0.16847633333333334,0.139767,0.07042031275695869,0.6065468333333334,0.3333333333333333,0.0,0.6666666666666666,0.16847973598933416,20.82,3.64,0.62,326.588,4.3,63.08,2.92,-0.0156609478972032,18.276,1
2026-02-13,323.83,326.475,312.82,314.08,11653917,-0.031155530877907456,-0.04293506414358417,-0.05277761022980876,0.016107596169462748,0.24075345167526874,0.04347618441161497,324.25,327.46799999999996,327.049,39.0451573665805,-3.8478605212130788,-3.292329087754781,-0.5555314334582979,0.017256749872643962,1,16,0.07238362500000001,0.1078885,0.1586354112489285,0.6645324375,0.1875,0.0625,0.75,0.06603878941227381,20.6,3.64,0.64,326.588,4.3,63.05,2.95,0.0004990662631205,18.844,1
2026-02-17,314.41,321.38,314.41,319.5,8591680,0.017256749872643917,-0.029583282711699743,-0.018674365747281763,0.01945121500155859,-0.2627646138204005,0.021815336463223693,323.034,326.034,326.60900000000004,45.762213066509716,-4.098032493955145,-3.453469768994854,-0.644562724960291,0.0025039123630673284,1,5,0.1169416,0.124868,0.23649980602803883,0.7002271999999999,0.4,0.2,0.4,0.07597269766755704,20.29,3.64,0.62,326.588,4.3,62.53,2.94,0.0010312792104349,20.112,1
2026-02-18,319.5,322.28,316.72,320.3,7092280,0.00250391236306724,-0.011968659386760394,-0.023981473017033905,0.018782183915748592,-0.1745176729114678,0.017358726194192774,321.46,325.171,326.33299999999997,45.01789976133651,-4.183517287482857,-3.599479272692455,-0.5840380147904023,-0.00427724008741806,0,8,0.221767625,0.221856,0.10872795723263701,0.670513625,0.625,0.0,0.375,0.23222622944425622,19.62,3.64,0.62,326.588,4.3,65.33,2.86,0.0055660931549768,20.506,1
2026-02-19,317.49,320.2,315.73,318.93,5967559,-0.004277240087418033,0.015441925624045005,-0.031314542582918214,0.018279209305435647,-0.1585838404575115,0.014015614711692128,319.398,324.069,326.0155,39.880484352885674,-4.312104891671424,-3.742004396488249,-0.5701004951831754,0.006333678236603586,1,16,0.1808515625,0.228162,0.16168087345754856,0.7026490625,0.625,0.0625,0.3125,0.1935152536340821,20.23,3.64,0.61,326.588,4.3,66.66,2.88,-0.0028221370640183,20.388,1
2026-02-20,318.11,322.35,317.82,320.95,6831437,0.00633367823660369,0.004538341158059511,-0.009963600468875344,0.01813629719325893,0.1447623726887326,0.014114348029288144,318.752,323.251,325.745,49.20920201294034,-4.202569767982482,-3.834117470787096,-0.36845229719538564,-0.044960274186010306,0,16,0.246873625,0.3053965,0.1397214812307566,0.68569925,0.6875,0.0,0.3125,0.25372553251954116,19.09,3.64,0.6,326.588,4.3,66.69,2.86,0.0069397789821754,20.086,1
2026-02-23,319.04,320.515,304.705,306.52,13047966,-0.04496027418601034,-0.043022166718701293,-0.024070300560366742,0.02385780905816101,0.9099884841212764,0.05157901605115491,317.24,320.745,324.762,26.472614536686194,-5.219970229274793,-4.1112880224846355,-1.1086822067901574,0.0022837009004307894,1,15,0.13069253333333333,0.118802,0.12929627666712196,0.6252356666666666,0.4,0.0,0.6,0.13347621099553394,21.01,3.64,0.6,326.588,4.3,66.36,2.95,-0.0103856858156367,20.048,1
2026-02-24,305.5,309.265,303.08,307.22,9120236,0.0022837009004308406,-0.036716520866647784,-0.038435054773082844,0.021217634746095337,-0.301022396900789,0.020132152854631866,314.784,318.909,323.6985,29.842154131847778,-5.901751556734268,-4.469380729334563,-1.4323708273997058,0.018781329340537663,1,13,0.06918738461538462,0.112011,0.18583721581872778,0.6515855384615384,0.3076923076923077,0.07692307692307693,0.6153846153846154,0.060854076253049956,19.55,3.64,0.61,326.588,4.3,65.62,2.97,0.0076516397937917,19.9,1
2026-02-25,308.55,313.94,308.25,312.99,7624212,0.018781329340537667,-0.024801370930051303,-0.022822354043084636,0.02419919136838056,-0.1640334745723685,0.018179494552541607,313.322,317.39099999999996,323.085,35.52901023890789,-5.908369388142887,-4.7571784610962276,-1.1511909270466596,0.0118534138470877,1,13,0.15822599999999998,0.117559,0.13786504415127618,0.6397423076923077,0.38461538461538464,0.0,0.6153846153846154,0.1697474348029555,17.93,3.64,0.6,326.588,4.3,65.3,2.94,0.0081363469456769,19.562,1
2026-02-26,314.48,319.42,313.94,316.7,8725506,0.011853413847087602,0.03321153595197712,-0.006992129934468405,0.02526599580850864,0.14444692776119017,0.017303441742974483,312.87600000000003,316.13700000000006,322.57099999999997,39.89266547406083,-5.55026803795721,-4.915796376468424,-0.634471661488786,0.010862014524786858,1,19,0.15264531578947368,0.134545,0.16185346136485196,0.6652283157894737,0.3684210526315789,0.0,0.631578947368421,0.16452337916044335,18.63,3.64,0.6,326.588,4.3,65.1,2.98,-0.0053655776669887,19.242,1
2026-02-27,314.46,320.23,311.95,320.14,12412885,0.010862014524786856,0.042054553739990785,-0.002523757594640963,0.02567872788365532,0.4225977267106342,0.02586368463797098,312.714,315.733,321.988,40.845070422535215,-4.932037429829222,-4.919044587140584,-0.01299284268863854,0.0011557443618417085,1,9,0.1842308888888889,0.258431,0.2152564133582577,0.6254677777777777,0.6666666666666666,0.1111111111111111,0.2222222222222222,0.18523253468817116,19.86,3.64,0.59,326.588,4.3,66.96,3.1,-0.004339355552146,19.396,1
2026-03-02,315.5,322.6,314.595,320.51,6674915,0.0011557443618417373,0.024026326719703395,0.04564139371003528,0.007313064994256769,-0.46225917665393657,0.024975819787214113,315.512,316.37600000000003,321.922,45.54089709762534,-4.361947495485822,-4.807625168809632,0.4456776733238099,0.0009984087859972956,1,14,0.13234435714285714,0.13870749999999998,0.13046234748628383,0.6258721428571429,0.42857142857142855,0.07142857142857142,0.5,0.13248691879765492,21.44,3.64,0.58,326.588,4.3,71.13,3.03,0.0003983206568511,19.482,1
2026-03-03,315.805,322.04,314.35,320.83,5474282,0.000998408785997329,0.013040732554467915,0.0443005012694484,0.007623602700047997,-0.17987240286954964,0.02396908019823582,318.234,316.509,321.2715,43.275925247343324,-3.8400599686301007,-4.614112128773726,0.7740521601436257,-0.0011220895801513475,0,18,0.17723911111111113,0.170276,0.08964375397150978,0.6515149444444445,0.5,0.0,0.5,0.1723533742372585,23.57,3.64,0.55,326.588,4.3,74.48,3.08,-0.0094439971983341,20.286,1
2026-03-04,321.44,325.77,319.8,320.47,5257934,-0.0011220895801513642,0.0010307990254265764,0.023898527109492473,0.00610920933597108,-0.03952079925732721,0.018628888819546198,319.72999999999996,316.52599999999995,320.8485,41.86003341377392,-3.4161303111946495,-4.374515765257911,0.9583854540632615,-0.002090679314756501,0,14,0.1796124285714286,0.144277,0.08491712449723626,0.6323499285714286,0.35714285714285715,0.0,0.6428571428571429,0.1792144827859213,21.15,3.64,0.55,326.588,4.3,74.58,2.97,0.007756031939536,20.93,1
2026-03-05,319.33,322.8,314.77,319.8,8276075,-0.002090679314756483,-0.002215219493931442,0.009788443321755658,0.005165380532318225,0.5740165243610893,0.02510944340212642,320.35,316.613,320.341,45.57396928051738,-3.098508724187411,-4.1193143570438115,1.0208056328564004,-0.007629768605378354,0,11,0.19292536363636364,0.149359,0.0876417077061746,0.6192949090909091,0.45454545454545453,0.0,0.5454545454545454,0.1928804619446984,23.75,3.64,0.56,326.588,4.3,80.88,3.0,-0.0056466991775238,21.954,1
2026-03-06,316.045,317.69,312.3,317.36,6439709,-0.00762976860537834,-0.010815696786459994,-0.008683700880864564,0.0035734561210880988,-0.22188851599339054,0.01698386690194097,319.794,316.254,319.7525,53.921568627451016,-3.0089931363705205,-3.8972501129091537,0.8882569765386332,-0.004379884043357657,0,8,0.23803712500000002,0.24053750000000002,0.08063380382487148,0.63235225,0.75,0.0,0.25,0.24201491313543996,29.49,3.64,0.59,326.588,4.3,90.77,3.13,-0.0132768043146319,23.88,1
2026-03-09,313.46,316.4,310.15,315.97,8381514,-0.004379884043357651,-0.014041875994632913,-0.014164924651336785,0.0032999655508023666,0.30153614084114677,0.019780358894831786,318.886,317.199,318.97200000000004,45.32945223604131,-3.015452511882984,-3.72089059270392,0.7054380808209362,-0.004873880431686617,0,9,0.15758966666666666,0.113787,0.09762334981063701,0.5801504444444444,0.4444444444444444,0.0,0.5555555555555556,0.16681130765334048,25.5,3.64,0.56,326.588,4.3,94.65,3.19,0.0083041296613362,24.692,1
2026-03-10,315.43,317.13,311.45,314.43,5271347,-0.0048738804316865725,-0.01679174484052537,-0.01994825920269294,0.0025499616699842,-0.371074605375592,0.018064434055274647,317.60600000000005,317.91999999999996,318.4145,42.38255904490007,-3.1089981478328355,-3.5985121037297034,0.48951395589686797,-0.017396558852526882,0,26,0.1984313076923077,0.162833,0.1440628323880297,0.678709076923077,0.5,0.038461538461538464,0.46153846153846156,0.21266240123082075,24.93,3.64,0.58,326.588,4.3,83.71,3.06,-0.0021350826001804,24.964,1
2026-03-11,313.25,315.08,308.39,308.96,6385139,-0.01739655885252689,-0.026468364003025102,-0.03591599837738335,0.00599157874318708,0.21129172486652847,0.021653288451579485,315.304,317.517,317.454,38.306357025568815,-3.583211986279707,-3.5954520802397045,0.012240093959997367,-0.007962195753495532,0,14,0.08601242857142857,0.128151,0.23309061395606984,0.6233829999999999,0.35714285714285715,0.14285714285714285,0.5,0.0714424847564476,24.23,3.64,0.57,326.588,4.3,86.8,3.09,-0.0008375752785526,25.58,1
2026-03-12,308.14,310.95,306.019,306.5,7514907,-0.007962195753495549,-0.02997119979744922,-0.04158849280800503,0.005251335806173296,0.1769371034835734,0.01608809135399668,312.64399999999995,316.49699999999996,316.317,33.224982586487116,-4.110152036501347,-3.6983920714920333,-0.4117599650093138,0.002088091353996693,1,15,0.15346993333333334,0.136978,0.18716326645222525,0.655383,0.4,0.06666666666666667,0.5333333333333333,0.14232857431944373,27.29,3.64,0.51,326.588,4.3,95.61,3.17,-0.015227722187786,26.288,1
2026-03-13,307.59,310.35,306.4201,307.14,4814144,0.0020880913539966794,-0.0231848106096747,-0.032203176203680406,0.0071022419264976915,-0.3593874149074633,0.01279514228039341,310.6,315.197,315.46500000000003,51.058743169398916,-4.425103334692096,-3.843734324132046,-0.5813690105600502,0.009669857394022359,1,23,0.1717195652173913,0.132386,0.1946353975611897,0.6752426956521739,0.391304347826087,0.043478260869565216,0.5652173913043478,0.17120426391470714,27.19,3.64,0.55,326.588,4.3,98.48,3.28,-0.0060590892333146,25.828000000000003,1
2026-03-16,307.85,311.13,307.38,310.11,6401225,0.009669857394022374,0.003722164681512208,-0.018546064499794346,0.010239567769340473,0.32967044608553464,0.012092483312373028,309.428,314.157,315.2665,54.58003169572107,-4.384508444845039,-3.951889148274645,-0.43261929657039433,-0.005320692657444242,0,14,0.20436721428571428,0.13813550000000002,0.19944732406372695,0.6335457857142857,0.42857142857142855,0.0,0.5714285714285714,0.22928926321820692,23.51,3.64,0.55,326.588,4.3,93.39,3.27,0.0101308919074996,25.43,1
2026-03-17,311.32,312.69,307.38,308.46,6872151,-0.0053206926574442814,0.006394779771614845,-0.018986737906688367,0.010254367822917498,0.07356810610469089,0.017214549698502245,308.234,312.91999999999996,314.7145,41.74261757200141,-4.4343613551375824,-4.048383589647233,-0.3859777654903498,-0.030603643908448417,0,27,0.18615666666666666,0.133888,0.08954069506353822,0.6242208518518518,0.4444444444444444,0.0,0.5555555555555556,0.19027479341019082,22.37,3.64,0.52,326.588,4.3,96.01,3.22,0.002494260662927,24.918,1
2026-03-18,307.41,307.935,298.5,299.02,7191684,-0.030603643908448386,-0.026437455232141693,-0.03217244950802689,0.015163331124046825,0.04649679554480102,0.031553073373018534,306.246,310.775,313.6505,23.34137515078409,-5.175934303598751,-4.273893732437537,-0.9020405711612147,0.0023075379573272614,1,10,0.222087,0.217512,0.11314566517645394,0.668386,0.7,0.0,0.3,0.24420695869647183,25.09,3.64,0.5,326.588,4.3,96.12,3.2,-0.0136076199097987,25.090000000000003,1
2026-03-19,298.04,302.465,297.0322,299.71,6826379,0.002307537957327188,-0.03353648705298129,-0.02215334420880921,0.015592641905180631,-0.05079547432840481,0.018126855960762026,304.88800000000003,308.76599999999996,312.68949999999995,16.40907596185467,-5.6429110090473955,-4.547697187759509,-1.0952138212878868,0.006372827066164042,1,11,0.18831572727272727,0.148333,0.15768805479052045,0.8026668181818182,0.45454545454545453,0.0,0.5454545454545454,0.1875212635202991,24.06,3.64,0.46,326.588,4.3,96.11,3.27,-0.0027488037194136,24.444,1
2026-03-20,299.85,302.92,299.0101,301.62,14398132,0.006372827066164044,-0.02217467418790109,-0.017972260207071655,0.016144400666101764,1.109190245663184,0.012962999801074177,303.784,307.192,311.723,20.43818466353683,-5.792104598683181,-4.796578669944243,-0.995525928738938,0.00934951263178832,1,8,0.242733,0.250774,0.0937694132372446,0.6322065,0.75,0.0,0.25,0.2449352886792132,26.78,3.64,0.51,326.588,4.3,98.71,3.24,-0.015138144460977,24.362,1
2026-03-23,305.2,307.85,302.85,304.44,7824542,0.009349512631788404,0.018125877867701146,-0.018283834768308083,0.016079501714769316,-0.4565585313428159,0.016423597424779925,302.65,306.039,311.619,26.211901306240975,-5.618030008241817,-4.960868937603759,-0.6571610706380584,-0.002233609249770092,0,9,0.22766222222222224,0.294073,0.16434441442955838,0.6776653333333333,0.6666666666666666,0.0,0.3333333333333333,0.24205141330463348,26.15,3.64,0.51,326.588,4.3,89.33,3.19,0.0114531974277951,24.89,1
2026-03-24,302.0,306.035,300.62,303.76,5375944,-0.0022336092497701188,0.013513062627206418,-0.015236983725604558,0.016055150260823405,-0.31293818858662914,0.017826573610745394,301.71,304.97200000000004,311.446,25.97066436583262,-5.471868662360578,-5.063068882555123,-0.408799779805455,0.0037858835923098304,1,14,0.2284665,0.289593,0.13186076673099023,0.6321070000000001,0.6428571428571429,0.0,0.35714285714285715,0.23494951051618973,26.95,3.64,0.49,326.588,4.3,93.18,3.19,-0.0037425923111988,25.806,1
2026-03-25,305.48,308.49,302.17,304.91,6280873,0.0037858835923099132,0.010907764737086545,0.019697679085011188,0.004358349233762397,0.1683293203947065,0.020727427765570145,302.88800000000003,304.567,311.04200000000003,28.879432624113562,-5.203259418010816,-5.091106989646262,-0.11215242836455452,0.002033386901052598,1,14,0.2820884285714286,0.30858050000000004,0.18150088331792438,0.688617,0.6428571428571429,0.0,0.35714285714285715,0.30336711865698096,25.33,3.64,0.49,326.588,4.3,91.51,3.17,0.005419157247074,25.854,1
2026-03-26,304.16,307.87,303.0,305.53,7652673,0.002033386901052703,0.0035803442386019846,0.01941877147909654,0.004385291277099409,0.21840912879467544,0.01593951494124965,304.052,304.46999999999997,310.4835,32.30631169608134,-4.884055486762236,-5.0496966890694575,0.16564120230722157,-0.03276274015644942,0,12,0.06765191666666666,0.059456499999999995,0.13119165026816046,0.63948875,0.16666666666666666,0.08333333333333333,0.75,0.06739056848550241,27.44,3.64,0.46,326.588,4.3,96.18,3.21,-0.0174062106524673,26.53,1
2026-03-27,304.32,304.59,294.32,295.52,9974411,-0.03276274015644942,-0.027126678957071437,-0.02022412306876209,0.016625587502623135,0.3033891556584216,0.03475230102869512,302.832,303.308,309.2525,25.683709869203312,-5.376826703171332,-5.115122691889832,-0.2617040112815001,0.013603140227395909,1,18,0.0756328888888889,0.1014355,0.17283340114004003,0.7363172222222222,0.16666666666666666,0.05555555555555555,0.7777777777777778,0.0747005290545817,31.05,3.64,0.56,326.588,4.3,101.26,3.42,-0.016721834878249,27.384000000000004,1
2026-03-30,298.73,300.68,295.89,299.54,9330319,0.013603140227395949,-0.01761175428815065,-0.016095125476284222,0.01755982374992752,-0.06457443953332187,0.015991186485945184,301.852,302.25100000000003,308.204,33.28093420166185,-5.380942878954329,-5.168286729302731,-0.21265614965159774,0.00901382119249512,1,9,0.22670355555555555,0.241832,0.3047663818386598,0.8289692222222222,0.5555555555555556,0.1111111111111111,0.3333333333333333,0.23683491198239096,30.61,3.64,0.53,326.588,4.3,104.69,3.46,-0.003945767289228,28.276,1
2026-03-31,301.6,303.34,296.585,302.24,10246903,0.009013821192495053,-0.010768173338133624,-0.005003950487226683,0.018401191410094213,0.0982371556642383,0.022349788247750118,301.548,301.629,307.2745,41.9540229885058,-5.107461901246381,-5.156121763691461,0.04865986244507958,-0.012341185812599319,0,27,0.1742725925925926,0.23345,0.21377385953911834,0.6765012962962963,0.5925925925925926,0.07407407407407407,0.3333333333333333,0.18257789680302275,25.25,3.64,0.51,326.588,4.3,102.86,3.28,0.0291311722459377,27.936,1
2026-04-01,305.05,305.05,293.89,298.51,7707556,-0.012341185812599353,0.010117758527341758,-0.020989800268931935,0.018791363048782265,-0.24781604744379837,0.0373856822217012,300.268,301.57800000000003,306.1765,40.715779688589365,-5.1325413414894,-5.151405679251049,0.018864337761648642,0.0076714347928043295,1,15,0.11175946666666665,0.141382,0.21037465768883673,0.7139444,0.4,0.2,0.4,0.10293087243815252,24.54,3.64,0.52,326.588,4.3,101.9,3.16,0.0071685466231241,27.778,1
2026-04-02,297.8,302.4699,295.85,300.8,4376048,0.00767143479280441,0.004206449889831099,-0.01548129479920124,0.019409709772073933,-0.4322392208373186,0.022007646276595655,299.322,301.687,305.22650000000004,42.905102954342034,-4.911021913286788,-5.103328926058197,0.19230701277140838,0.008410904255319058,1,13,0.14581238461538462,0.144226,0.17983439996171408,0.6684146153846153,0.46153846153846156,0.07692307692307693,0.46153846153846156,0.15538076010893745,23.87,3.64,0.52,326.588,4.3,113.23,3.17,0.0011208579962647,27.064,1
2026-04-06,300.74,304.42,299.46,303.33,5501001,0.008410904255319096,0.003606405505558463,0.02642799133730378,0.010114883147278163,0.25707053487530307,0.016351828042066516,300.884,301.858,304.525,42.337251356238674,-4.479677382207456,-4.978598617288049,0.4989212350805934,-0.0025714568291958354,0,10,0.11632580000000001,0.1273,0.1426354403527476,0.6968316999999999,0.3,0.0,0.7,0.0917179540833174,24.17,3.64,0.5,326.588,4.3,114.01,3.05,0.004426761703802,24.34,1
2026-04-07,302.44,304.981,301.12,302.55,4413857,-0.002571456829195795,0.013533884961977938,0.010048741403485328,0.009341033749150572,-0.19762657741745548,0.012761527020327184,301.486,301.669,303.854,43.18653447083241,-4.152901155496181,-4.813459124929675,0.6605579694334942,0.02118658073045767,1,5,0.093003,0.110749,0.08628499935388538,0.600372,0.2,0.0,0.8,0.09290030095274263,25.78,3.64,0.52,326.588,4.3,114.01,3.12,0.0007592451711553,24.446,1
2026-04-08,307.73,311.08,307.7,308.96,6879288,0.02118658073045765,0.027127659574468055,0.02223398623610362,0.012623609400868274,0.5585661248200837,0.01093992749870532,302.83000000000004,302.18899999999996,303.5805,62.320277640059494,-3.3382143550186356,-4.518410170947467,1.1801958159288315,-0.002168565510098262,0,9,0.1644531111111111,0.200857,0.1697887595414111,0.6323315555555555,0.6666666666666666,0.1111111111111111,0.2222222222222222,0.14254175337832614,21.04,3.64,0.5,326.588,4.3,114.01,2.94,0.0250814209178082,23.746,1
2026-04-09,308.0,309.58,303.59,308.29,4811480,-0.0021685655100982526,0.016351828042066474,0.0327627215168671,0.00972309953272962,-0.30058459538254545,0.01942975769567618,304.786,302.527,303.547,60.63988095238102,-2.7153319403423097,-4.157794524826436,1.442462584484126,-0.012747737519867679,0,6,0.245807,0.313129,0.1880796856707284,0.6666715,0.6666666666666666,0.0,0.3333333333333333,0.25663015159340097,19.49,3.64,0.51,326.588,4.3,114.01,2.9,0.0061700091849836,22.87,1
