date,vix,fed_funds_rate,yield_curve,cpi,unemployment,oil_wti,high_yield_spread,sp500_return_1d,vix_ma5
2024-01-02,13.2,5.33,-0.38,309.698,3.7,70.62,3.54,,
2024-01-03,14.04,5.33,-0.42,309.698,3.7,72.97,3.71,-0.008016310936719062,
2024-01-04,14.13,5.33,-0.39,309.698,3.7,72.38,3.69,-0.003428406248073834,
2024-01-05,13.35,5.33,-0.35,309.698,3.7,74.0,3.68,0.001825673750394552,
2024-01-08,13.08,5.33,-0.35,309.698,3.7,71.06,3.63,0.014114671594383177,13.559999999999999
2024-01-09,12.76,5.33,-0.34,309.698,3.7,72.43,3.59,-0.001477892491718369,13.472
2024-01-10,12.69,5.33,-0.33,309.698,3.7,71.57,3.5,0.005665930831493693,13.202000000000002
2024-01-11,12.44,5.33,-0.28,309.698,3.7,72.15,3.55,-0.000671063771963798,12.863999999999999
2024-01-12,12.7,5.33,-0.18,309.698,3.7,72.94,3.56,0.0007510083175741311,12.734
2024-01-15,13.25,5.33,-0.18,309.698,3.7,72.94,3.54,0.0,12.768
2024-01-16,13.84,5.33,-0.15,309.698,3.7,72.63,3.58,-0.0037313198838587747,12.983999999999998
2024-01-17,14.79,5.33,-0.24,309.698,3.7,72.79,3.62,-0.0056168930629166836,13.404
2024-01-18,14.13,5.33,-0.2,309.698,3.7,74.32,3.58,0.00880526501252299,13.741999999999999
2024-01-19,13.3,5.33,-0.24,309.698,3.7,73.69,3.54,0.012313478102632613,13.862
2024-01-22,13.19,5.33,-0.26,309.698,3.7,75.26,3.49,0.002194301015948863,13.85
2024-01-23,12.55,5.33,-0.17,309.698,3.7,74.72,3.51,0.0029213904746590025,13.592000000000002
2024-01-24,13.14,5.33,-0.16,309.698,3.7,75.48,3.44,0.0008119886527155895,13.262
2024-01-25,13.45,5.33,-0.14,309.698,3.7,77.91,3.45,0.005260293105750158,13.126
2024-01-26,13.26,5.33,-0.19,309.698,3.7,78.45,3.39,-0.0006517972440622799,13.118
2024-01-29,13.6,5.33,-0.21,309.698,3.7,77.25,3.41,0.007556783214781593,13.2
2024-01-30,13.31,5.33,-0.3,309.698,3.7,78.3,3.42,-0.000600657882721567,13.352
2024-01-31,14.35,5.33,-0.28,309.698,3.7,76.28,3.59,-0.01610568186202166,13.594
2024-02-01,13.88,5.33,-0.33,310.967,3.9,74.36,3.56,0.012493679898465615,13.679999999999998
2024-02-02,13.85,5.33,-0.33,310.967,3.9,72.72,3.47,0.01068446187367389,13.797999999999998
2024-02-05,13.67,5.33,-0.29,310.967,3.9,73.21,3.5,-0.00318637682737688,13.812000000000001
2024-02-06,13.06,5.33,-0.3,310.967,3.9,73.83,3.52,0.002310426660138587,13.762
2024-02-07,12.83,5.33,-0.32,310.967,3.9,74.26,3.43,0.008241442161546875,13.458000000000002
2024-02-08,12.79,5.33,-0.31,310.967,3.9,76.67,3.38,0.0005705637169521882,13.24
2024-02-09,12.93,5.33,-0.31,310.967,3.9,77.26,3.33,0.005742400323335062,13.056000000000001
2024-02-12,13.93,5.33,-0.29,310.967,3.9,77.34,3.35,-0.0009489496897510108,13.108
2024-02-13,15.85,5.33,-0.33,310.967,3.9,78.28,3.36,-0.013674270785210219,13.666
2024-02-14,14.38,5.33,-0.29,310.967,3.9,77.09,3.38,0.00957972369210025,13.975999999999999
2024-02-15,14.01,5.33,-0.32,310.967,3.9,78.47,3.35,0.0058212781615079034,14.219999999999999
2024-02-16,14.24,5.33,-0.34,310.967,3.9,79.65,3.34,-0.004803438753173572,14.482
2024-02-19,14.71,5.33,-0.34,310.967,3.9,79.65,3.34,0.0,14.638
2024-02-20,15.42,5.33,-0.32,310.967,3.9,78.72,3.37,-0.006005310084565729,14.552000000000001
2024-02-21,15.34,5.33,-0.32,310.967,3.9,78.89,3.34,0.0012641920124771833,14.744
2024-02-22,14.54,5.33,-0.36,310.967,3.9,79.64,3.22,0.021122887309807714,14.85
2024-02-23,13.75,5.33,-0.41,310.967,3.9,77.6,3.23,0.00034794369209545373,14.751999999999999
2024-02-26,13.74,5.33,-0.41,310.967,3.9,78.53,3.23,-0.0037867473667663187,14.557999999999998
2024-02-27,13.43,5.33,-0.39,310.967,3.9,79.8,3.26,0.0017062725735916828,14.16
2024-02-28,13.84,5.33,-0.37,310.967,3.9,79.44,3.31,-0.0016580743494716277,13.86
2024-02-29,13.4,5.33,-0.39,310.967,3.9,79.22,3.29,0.005229044372909275,13.632
2024-03-01,13.11,5.33,-0.35,312.345,3.9,80.9,3.32,0.008007817482197588,13.504
2024-03-04,13.49,5.33,-0.39,312.345,3.9,79.67,3.26,-0.0011932849011501157,13.453999999999999
2024-03-05,14.46,5.33,-0.41,312.345,3.9,79.11,3.31,-0.010193044173106403,13.66
2024-03-06,14.5,5.33,-0.44,312.345,3.9,80.08,3.27,0.005141130024711504,13.792000000000002
2024-03-07,14.44,5.33,-0.41,312.345,3.9,79.81,3.27,0.010304108322428451,14.0
2024-03-08,14.74,5.33,-0.39,312.345,3.9,78.96,3.26,-0.00652853397862474,14.325999999999999
2024-03-11,15.22,5.33,-0.41,312.345,3.9,78.87,3.26,-0.001122238074512727,14.672
2024-03-12,13.84,5.33,-0.42,312.345,3.9,78.51,3.2,0.011201772588189884,14.548000000000002
2024-03-13,13.75,5.33,-0.42,312.345,3.9,80.67,3.15,-0.001924537270519222,14.398000000000001
2024-03-14,14.4,5.33,-0.39,312.345,3.9,82.16,3.15,-0.002871076469757039,14.39
2024-03-15,14.41,5.33,-0.41,312.345,3.9,81.94,3.16,-0.006482890915021411,14.324000000000002
2024-03-18,14.33,5.33,-0.39,312.345,3.9,83.68,3.13,0.006318044044564486,14.146
2024-03-19,13.82,5.33,-0.38,312.345,3.9,84.39,3.1,0.005649179907640134,14.142000000000001
2024-03-20,13.04,5.33,-0.32,312.345,3.9,82.79,3.14,0.008904105621114988,14.0
2024-03-21,12.92,5.33,-0.35,312.345,3.9,81.99,3.05,0.0032365990253835353,13.703999999999999
2024-03-22,13.06,5.33,-0.37,312.345,3.9,81.1,3.08,-0.0014022623165372838,13.434000000000001
2024-03-25,13.19,5.33,-0.29,312.345,3.9,82.41,3.11,-0.0030549197773100945,13.206
2024-03-26,13.24,5.33,-0.32,312.345,3.9,82.41,3.15,-0.0027998213940082506,13.09
2024-03-27,12.78,5.33,-0.34,312.345,3.9,82.15,3.15,0.008630596627706266,13.038
2024-03-28,13.01,5.33,-0.39,312.345,3.9,83.96,3.12,0.001116511606195525,13.056000000000001
2024-03-29,13.01,5.33,-0.39,312.345,3.9,83.96,3.12,0.0,13.045999999999998
2024-04-01,13.65,5.33,-0.39,313.023,3.9,84.54,3.12,-0.0020135697089078697,13.138
2024-04-02,14.61,5.33,-0.34,313.023,3.9,85.95,3.23,-0.00723906654944817,13.412
2024-04-03,14.33,5.33,-0.32,313.023,3.9,86.22,3.23,0.0010910886106099138,13.722
2024-04-04,16.35,5.33,-0.34,313.023,3.9,87.37,3.24,-0.012334284436888443,14.389999999999997
2024-04-05,16.03,5.33,-0.34,313.023,3.9,87.69,3.18,0.011099216857287653,14.994
2024-04-08,15.19,5.33,-0.36,313.023,3.9,87.24,3.15,-0.00037468728023148934,15.302000000000001
2024-04-09,14.98,5.33,-0.38,313.023,3.9,86.04,3.14,0.0014454894769517779,15.376
2024-04-10,15.8,5.33,-0.42,313.023,3.9,86.98,3.1,-0.009456977183866844,15.670000000000002
2024-04-11,14.91,5.33,-0.37,313.023,3.9,85.79,3.16,0.007444813046443954,15.382
2024-04-12,17.31,5.33,-0.38,313.023,3.9,86.46,3.25,-0.014550707243232486,15.638
2024-04-15,19.23,5.33,-0.3,313.023,3.9,86.21,3.28,-0.012021290507689297,16.446
2024-04-16,18.4,5.33,-0.3,313.023,3.9,86.15,3.36,-0.002056572537150636,17.13
2024-04-17,18.21,5.33,-0.34,313.023,3.9,83.58,3.42,-0.005780564238499708,17.612000000000002
2024-04-18,18.0,5.33,-0.34,313.023,3.9,83.5,3.39,-0.0022081912146246774,18.23
2024-04-19,18.71,5.33,-0.35,313.023,3.9,83.79,3.37,-0.00875852104918673,18.509999999999998
2024-04-22,16.94,5.33,-0.35,313.023,3.9,83.82,3.29,0.008731224445012842,18.052
2024-04-23,15.69,5.33,-0.25,313.023,3.9,84.17,3.2,0.01196463497385536,17.51
2024-04-24,15.97,5.33,-0.24,313.023,3.9,84.09,3.19,0.0002129946455513565,17.062
2024-04-25,15.37,5.33,-0.26,313.023,3.9,84.92,3.24,-0.004576437949929346,16.535999999999998
2024-04-26,15.03,5.33,-0.29,313.023,3.9,85.38,3.16,0.010209134739185721,15.8
2024-04-29,14.67,5.33,-0.34,313.023,3.9,84.26,3.12,0.003178456301617949,15.346
2024-04-30,15.65,5.33,-0.35,313.023,3.9,83.49,3.18,-0.015730517164206925,15.338
2024-05-01,15.39,5.33,-0.33,313.175,3.9,80.7,3.21,-0.003435477561168243,15.222
2024-05-02,14.68,5.33,-0.29,313.175,3.9,80.59,3.16,0.009128425650457572,15.084
2024-05-03,13.49,5.33,-0.31,313.175,3.9,79.65,3.08,0.012556771059594851,14.776
2024-05-06,13.49,5.33,-0.33,313.175,3.9,80.1,3.03,0.010326085896653403,14.540000000000001
2024-05-07,13.23,5.33,-0.35,313.175,3.9,79.97,3.06,0.0013434374239973401,14.056000000000001
2024-05-08,13.0,5.33,-0.36,313.175,3.9,80.57,3.1,-5.782909574536532e-06,13.578
2024-05-09,12.69,5.33,-0.35,313.175,3.9,80.86,3.14,0.005090917502462489,13.180000000000001
2024-05-10,12.55,5.33,-0.37,313.175,3.9,79.81,3.12,0.0016493801399288799,12.992
2024-05-13,13.6,5.33,-0.37,313.175,3.9,80.71,3.14,-0.00024125544739483917,13.014
2024-05-14,13.42,5.33,-0.36,313.175,3.9,79.62,3.14,0.004837764439558523,13.051999999999998
2024-05-15,12.45,5.33,-0.37,313.175,3.9,80.23,3.13,0.011715980391409309,12.941999999999998
2024-05-16,12.42,5.33,-0.4,313.175,3.9,80.85,3.08,-0.0020817045486656305,12.888
2024-05-17,11.99,5.33,-0.41,313.175,3.9,81.66,3.09,0.0011647882803798026,12.776
2024-05-20,12.15,5.33,-0.38,313.175,3.9,81.39,3.07,0.0009164157208665369,12.486
2024-05-21,11.86,5.33,-0.41,313.175,3.9,80.66,3.07,0.0025018226757822504,12.174
2024-05-22,12.29,5.33,-0.43,313.175,3.9,79.15,3.11,-0.002706049712388192,12.142
2024-05-23,12.77,5.33,-0.44,313.175,3.9,77.47,3.1,-0.0073808038801509435,12.212
2024-05-24,11.93,5.33,-0.47,313.175,3.9,78.48,3.11,0.007000971935366307,12.2
2024-05-27,12.36,5.33,-0.47,313.175,3.9,78.48,3.12,0.0,12.241999999999999
2024-05-28,12.92,5.33,-0.4,313.175,3.9,80.9,3.09,0.00024883499977379486,12.453999999999999
2024-05-29,14.28,5.33,-0.35,313.175,3.9,80.24,3.15,-0.007367076011488782,12.851999999999999
2024-05-30,14.47,5.33,-0.37,313.175,3.9,78.96,3.19,-0.005974995016091,13.192000000000002
2024-05-31,12.92,5.33,-0.38,313.175,3.9,77.97,3.2,0.008027917211029578,13.389999999999997
2024-06-03,13.11,5.33,-0.41,313.175,3.9,75.26,3.17,0.001116056625188655,13.539999999999997
2024-06-04,13.16,5.33,-0.44,313.175,3.9,74.27,3.22,0.0015028201536890773,13.588
2024-06-05,12.63,5.33,-0.43,313.175,3.9,75.08,3.2,0.011847660516995706,13.258000000000001
2024-06-06,12.58,5.33,-0.44,313.175,3.9,76.52,3.2,-0.0001998494591923805,12.88
2024-06-07,12.22,5.33,-0.44,313.175,3.9,76.53,3.15,-0.0011152708034434244,12.74
2024-06-10,12.74,5.33,-0.4,313.175,3.9,78.75,3.15,0.0025808913052016713,12.666
2024-06-11,12.85,5.33,-0.42,313.175,3.9,78.88,3.19,0.0027104214117694703,12.604000000000001
2024-06-12,12.04,5.33,-0.44,313.175,3.9,79.56,3.09,0.008503679780924589,12.486
2024-06-13,11.94,5.33,-0.44,313.175,3.9,79.61,3.2,0.0023445728948188194,12.357999999999999
2024-06-14,12.66,5.33,-0.47,313.175,3.9,79.41,3.29,-0.00039383555341243603,12.446
2024-06-17,12.75,5.33,-0.47,313.175,3.9,81.33,3.26,0.007664408277487045,12.447999999999999
2024-06-18,12.3,5.33,-0.47,313.175,3.9,82.67,3.24,0.002521363070800975,12.338
2024-06-19,12.48,5.33,-0.47,313.175,3.9,82.67,3.24,0.0,12.426
2024-06-20,13.28,5.33,-0.45,313.175,3.9,83.34,3.23,-0.0025259566650810417,12.693999999999999
2024-06-21,13.2,5.33,-0.45,313.175,3.9,81.71,3.21,-0.001562165984246855,12.802000000000001
2024-06-24,13.33,5.33,-0.46,313.175,3.9,82.63,3.19,-0.0030651719607218686,12.918000000000001
2024-06-25,12.84,5.33,-0.42,313.175,3.9,81.97,3.19,0.003933647462219136,13.026
2024-06-26,12.55,5.33,-0.39,313.175,3.9,82.19,3.18,0.0015724132887204867,13.040000000000001
2024-06-27,12.24,5.33,-0.41,313.175,3.9,83.04,3.21,0.0009072819876230209,12.831999999999999
2024-06-28,12.44,5.33,-0.35,313.175,3.9,82.83,3.18,-0.004083627735109618,12.680000000000001
2024-07-01,12.22,5.33,-0.29,313.569,4.2,84.7,3.21,0.0026755889592124937,12.458000000000002
2024-07-02,12.03,5.33,-0.31,313.569,4.2,84.09,3.23,0.006195331948881222,12.296000000000001
2024-07-03,12.09,5.33,-0.35,313.569,4.2,85.19,3.25,0.005084398104196586,12.204
2024-07-04,12.26,5.33,-0.35,313.569,4.2,85.19,3.25,0.0,12.208
2024-07-05,12.48,5.33,-0.32,313.569,4.2,84.44,3.27,0.0054487793072806046,12.216
2024-07-08,12.37,5.33,-0.34,313.569,4.2,83.63,3.2,0.0010166708878267539,12.245999999999999
2024-07-09,12.51,5.33,-0.32,313.569,4.2,82.78,3.21,0.0007410929775606423,12.342
2024-07-10,12.85,5.33,-0.34,313.569,4.2,83.39,3.17,0.010208033738690059,12.494
2024-07-11,12.92,5.33,-0.3,313.569,4.2,83.92,3.18,-0.008763008283767415,12.626000000000001
2024-07-12,12.46,5.33,-0.27,313.569,4.2,83.49,3.19,0.005517016620885551,12.622
2024-07-15,13.12,5.33,-0.21,313.569,4.2,83.22,3.13,0.002826181805230199,12.772
2024-07-16,13.19,5.33,-0.26,313.569,4.2,81.92,3.08,0.006389379210899104,12.908000000000001
2024-07-17,14.48,5.33,-0.26,313.569,4.2,84.16,3.09,-0.013927512704686507,13.234
2024-07-18,15.93,5.33,-0.26,313.569,4.2,84.17,3.09,-0.007816372508844482,13.835999999999999
2024-07-19,16.52,5.33,-0.24,313.569,4.2,81.43,3.09,-0.007140293511332718,14.648
2024-07-22,14.91,5.33,-0.24,313.569,4.2,81.25,3.05,0.010792007266121617,15.006
2024-07-23,14.72,5.33,-0.15,313.569,4.2,78.24,3.02,-0.001558116673645582,15.312000000000001
2024-07-24,18.04,5.33,-0.09,313.569,4.2,78.78,3.1,-0.023149031452155744,16.024
2024-07-25,18.46,5.33,-0.14,313.569,4.2,79.43,3.08,-0.005142681306694263,16.53
2024-07-26,16.39,5.33,-0.16,313.569,4.2,78.58,3.1,0.011090490848678192,16.503999999999998
2024-07-29,16.6,5.33,-0.19,313.569,4.2,77.27,3.13,0.000813320877067536,16.842000000000002
2024-07-30,17.69,5.33,-0.2,313.569,4.2,76.17,3.2,-0.004960154039322595,17.436
2024-07-31,16.36,5.33,-0.2,313.569,4.2,79.36,3.25,0.01579342363752767,17.1
2024-08-01,18.59,5.33,-0.17,314.062,4.2,77.74,3.35,-0.013693569708273734,17.125999999999998
2024-08-02,23.39,5.33,-0.08,314.062,4.2,74.99,3.72,-0.018381839946536194,18.526
2024-08-05,38.57,5.33,-0.11,314.062,4.2,74.46,3.93,-0.029968802370122227,22.92
2024-08-06,27.71,5.33,-0.09,314.062,4.2,74.6,3.67,0.01035414252467537,24.924
2024-08-07,27.85,5.33,-0.04,314.062,4.2,76.68,3.57,-0.007734688541859436,27.222
2024-08-08,23.79,5.33,-0.05,314.062,4.2,77.64,3.48,0.023042600250024137,28.262
2024-08-09,20.37,5.33,-0.11,314.062,4.2,78.28,3.49,0.004671658542179324,27.658000000000005
2024-08-12,20.71,5.33,-0.11,314.062,4.2,81.45,3.52,4.303763360380408e-05,24.086000000000002
2024-08-13,18.12,5.33,-0.08,314.062,4.2,79.81,3.54,0.01684757287548244,22.168
2024-08-14,16.19,5.33,-0.11,314.062,4.2,78.47,3.46,0.0038237680860733203,19.836000000000002
2024-08-15,15.23,5.33,-0.16,314.062,4.2,79.66,3.31,0.01613320110499883,18.124000000000002
2024-08-16,14.8,5.33,-0.17,314.062,4.2,78.05,3.29,0.001989818192314141,17.01
2024-08-19,14.65,5.33,-0.2,314.062,4.2,75.82,3.21,0.009722284736913167,15.797999999999998
2024-08-20,15.88,5.33,-0.17,314.062,4.2,75.27,3.25,-0.0019845762938528466,15.35
2024-08-21,16.27,5.33,-0.13,314.062,4.2,72.76,3.27,0.004239680407066571,15.366000000000003
2024-08-22,17.55,5.33,-0.13,314.062,4.2,73.72,3.21,-0.008932812652890587,15.830000000000002
2024-08-23,15.86,5.33,-0.09,314.062,4.2,75.82,3.19,0.011483420217425433,16.042
2024-08-26,16.15,5.33,-0.09,314.062,4.2,78.4,3.15,-0.0031537231503155905,16.342
2024-08-27,15.43,5.33,0.0,314.062,4.2,76.5,3.17,0.0015952029967027936,16.252000000000002
2024-08-28,17.11,5.33,0.01,314.062,4.2,75.49,3.19,-0.005976038963347419,16.42
2024-08-29,15.65,5.33,0.0,314.062,4.2,76.9,3.15,-3.934065069444159e-05,16.04
2024-08-30,15.0,5.33,0.0,314.062,4.2,74.52,3.13,0.010093062182132906,15.867999999999999
2024-09-02,15.55,5.33,0.0,314.062,4.2,74.52,3.17,0.0,15.748000000000001
2024-09-03,20.72,5.33,-0.04,314.062,4.2,71.28,3.31,-0.021151122441753323,16.806
2024-09-04,21.32,5.33,0.01,314.062,4.2,70.11,3.35,-0.0016024800458679378,17.648
2024-09-05,19.9,5.33,-0.02,314.062,4.2,70.09,3.29,-0.0030180776693048417,18.498
2024-09-06,22.38,5.33,0.06,314.062,4.2,68.58,3.39,-0.01726020776209658,19.974
2024-09-09,19.45,5.33,0.02,314.062,4.2,69.65,3.36,0.01158009178281283,20.753999999999998
2024-09-10,19.08,5.33,0.06,314.062,4.2,66.73,3.46,0.004472633223969957,20.426
2024-09-11,17.69,5.33,0.03,314.062,4.2,68.25,3.44,0.010665050805019227,19.7
2024-09-12,17.07,5.33,0.04,314.062,4.2,69.89,3.39,0.007495323299958834,19.133999999999997
2024-09-13,16.56,5.33,0.09,314.062,4.2,69.59,3.37,0.0054076658041088965,17.97
2024-09-16,17.14,5.33,0.07,314.062,4.2,71.1,3.32,0.0012566610143582846,17.508000000000003
2024-09-17,17.61,5.33,0.06,314.062,4.2,72.16,3.25,0.00026450846693371055,17.214000000000002
2024-09-18,18.23,5.33,0.09,314.062,4.2,71.87,3.21,-0.0028964004415590328,17.322
2024-09-19,16.33,4.83,0.14,314.062,4.2,72.86,3.1,0.01697678640717948,17.174
2024-09-20,16.15,4.83,0.18,314.062,4.2,72.72,3.15,-0.0019409693295342478,17.092
2024-09-23,15.89,4.83,0.18,314.062,4.2,71.33,3.15,0.002809269537312087,16.842
2024-09-24,15.39,4.83,0.25,314.062,4.2,72.34,3.21,0.002511117289812015,16.398
2024-09-25,15.41,4.83,0.26,314.062,4.2,70.42,3.19,-0.0018611774432969463,15.833999999999998
2024-09-26,15.37,4.83,0.19,314.062,4.2,68.28,3.14,0.004038614114003858,15.642
2024-09-27,16.96,4.83,0.2,314.062,4.2,68.72,3.14,-0.0012531829977877607,15.804000000000002
2024-09-30,16.73,4.83,0.15,314.062,4.2,68.75,3.03,0.0042365423122701085,15.972
2024-10-01,19.26,4.83,0.13,315.631,4.1,70.41,3.07,-0.009324110452443968,16.746000000000002
2024-10-02,18.9,4.83,0.16,315.631,4.1,70.74,3.06,0.00013838405955768351,17.444
2024-10-03,20.49,4.83,0.15,315.631,4.1,74.33,3.04,-0.001681396399709989,18.468
2024-10-04,19.21,4.83,0.05,315.631,4.1,74.93,2.89,0.008970269862489832,18.918
2024-10-07,22.64,4.83,0.04,315.631,4.1,77.76,2.95,-0.009586042249529192,20.1
2024-10-08,21.42,4.83,0.06,315.631,4.1,74.26,2.99,0.00968935768284096,20.532
2024-10-09,20.86,4.83,0.07,315.631,4.1,73.85,2.94,0.0071133846739683815,20.924
2024-10-10,20.93,4.83,0.11,315.631,4.1,76.46,2.99,-0.0020700823889336917,21.012
2024-10-11,20.46,4.83,0.13,315.631,4.1,76.11,2.98,0.00605185076253667,21.262
2024-10-14,19.7,4.83,0.13,315.631,4.1,76.11,2.97,0.007707612858403268,20.674
2024-10-15,20.64,4.83,0.08,315.631,4.1,71.22,2.93,-0.0076094097971791674,20.518
2024-10-16,19.58,4.83,0.09,315.631,4.1,70.97,2.9,0.004679068519722218,20.262
2024-10-17,19.11,4.83,0.13,315.631,4.1,71.26,2.89,-0.00017116048520571248,19.898
2024-10-18,18.03,4.83,0.13,315.631,4.1,69.78,2.88,0.003971603038276372,19.412
2024-10-21,18.37,4.83,0.17,315.631,4.1,71.16,2.88,-0.0018227794573267841,19.146
2024-10-22,18.2,4.83,0.17,315.631,4.1,72.84,2.92,-0.0004748905872585807,18.657999999999998
2024-10-23,19.24,4.83,0.17,315.631,4.1,71.37,2.95,-0.009191277003007925,18.59
2024-10-24,19.08,4.83,0.14,315.631,4.1,70.58,2.93,0.002145782089274073,18.584
2024-10-25,20.33,4.83,0.14,315.631,4.1,72.02,2.89,-0.0002994908655286066,19.044
2024-10-28,19.8,4.83,0.16,315.631,4.1,67.65,2.82,0.002651460369276215,19.33
2024-10-29,19.34,4.83,0.17,315.631,4.1,67.48,2.85,0.0016141440228589765,19.558
2024-10-30,20.35,4.83,0.14,315.631,4.1,68.91,2.8,-0.0033002338451409985,19.779999999999998
2024-10-31,23.16,4.83,0.12,315.631,4.1,69.58,2.88,-0.018614747655095742,20.595999999999997
2024-11-01,21.88,4.83,0.16,316.528,4.2,69.81,2.83,0.004092578148962911,20.906
2024-11-04,21.98,4.83,0.14,316.528,4.2,71.83,2.87,-0.002812107247591178,21.342000000000002
2024-11-05,20.49,4.83,0.07,316.528,4.2,72.26,2.86,0.012265675189796932,21.572
2024-11-06,16.27,4.83,0.15,316.528,4.2,71.98,2.74,0.025295879476236127,20.756
2024-11-07,15.2,4.83,0.1,316.528,4.2,72.69,2.73,0.007431219893945906,19.164
2024-11-08,14.94,4.58,0.04,316.528,4.2,70.69,2.63,0.0037568431802581514,17.776
2024-11-11,14.97,4.58,0.04,316.528,4.2,70.69,2.63,0.000969053663222974,16.374000000000002
2024-11-12,14.71,4.58,0.09,316.528,4.2,68.43,2.61,-0.002892682479775477,15.218
2024-11-13,14.02,4.58,0.17,316.528,4.2,68.76,2.64,0.00023228648443596178,14.768
2024-11-14,14.31,4.58,0.09,316.528,4.2,68.99,2.6,-0.0060497412027306074,14.59
2024-11-15,16.14,4.58,0.12,316.528,4.2,67.33,2.72,-0.013203522508181798,14.830000000000002
2024-11-18,15.58,4.58,0.13,316.528,4.2,69.46,2.72,0.003917814472747416,14.952000000000002
2024-11-19,16.35,4.58,0.12,316.528,4.2,69.75,2.69,0.003963608105035599,15.280000000000001
2024-11-20,17.16,4.58,0.1,316.528,4.2,69.25,2.67,2.1970667468895755e-05,15.908000000000001
2024-11-21,16.87,4.58,0.09,316.528,4.2,70.39,2.61,0.005340444913141784,16.419999999999998
2024-11-22,15.24,4.58,0.04,316.528,4.2,71.68,2.61,0.0034679787718681077,16.240000000000002
2024-11-25,14.6,4.58,0.06,316.528,4.2,69.41,2.64,0.0030204344198856425,16.044
2024-11-26,14.1,4.58,0.09,316.528,4.2,69.05,2.68,0.005722044904524104,15.594
2024-11-27,14.1,4.58,0.06,316.528,4.2,69.03,2.69,-0.0038012963267421984,14.982
2024-11-28,13.9,4.58,0.06,316.528,4.2,69.03,2.69,0.0,14.388
2024-11-29,13.51,4.58,0.05,316.528,4.2,68.26,2.72,0.005607844313972654,14.041999999999998
2024-12-02,13.34,4.58,0.02,316.528,4.2,68.35,2.68,0.0024484531809998433,13.790000000000001
2024-12-03,13.3,4.58,0.06,316.528,4.2,70.15,2.66,0.00045145233705135013,13.63
2024-12-04,13.45,4.58,0.06,316.528,4.2,68.81,2.66,0.006051359696390701,13.5
2024-12-05,13.54,4.58,0.02,316.528,4.2,68.58,2.66,-0.0018697147288503357,13.428
2024-12-06,12.77,4.58,0.05,316.528,4.2,68.58,2.67,0.002495428066323191,13.279999999999998
2024-12-09,14.19,4.58,0.07,316.528,4.2,68.65,2.67,-0.006144226774839168,13.45
2024-12-10,14.18,4.58,0.07,316.528,4.2,68.85,2.67,-0.0029638930421207466,13.626
2024-12-11,13.58,4.58,0.11,316.528,4.2,70.57,2.64,0.008165821859812183,13.651999999999997
2024-12-12,13.92,4.58,0.14,316.528,4.2,70.25,2.66,-0.0054140321061636465,13.728
2024-12-13,13.81,4.58,0.15,316.528,4.2,71.54,2.68,-2.6440818012729572e-05,13.936000000000002
2024-12-16,14.69,4.58,0.14,316.528,4.2,71.03,2.69,0.00379931549522472,14.035999999999998
2024-12-17,15.87,4.58,0.15,316.528,4.2,70.31,2.75,-0.0038639596449174807,14.374
2024-12-18,27.62,4.58,0.15,316.528,4.2,70.8,2.73,-0.029492894104891865,17.182
2024-12-19,24.09,4.33,0.25,316.528,4.2,70.1,2.91,-0.0008650990436227524,19.216
2024-12-20,18.36,4.33,0.22,316.528,4.2,69.71,2.86,0.010869120584686254,20.125999999999998
2024-12-23,16.78,4.33,0.29,316.528,4.2,69.5,2.85,0.007287319692792726,20.544
2024-12-24,14.27,4.33,0.3,316.528,4.2,70.87,2.86,0.011042722967758989,20.223999999999997
2024-12-25,14.27,4.33,0.3,316.528,4.2,70.87,2.86,0.0,17.554000000000002
2024-12-26,14.73,4.33,0.28,316.528,4.2,70.38,2.86,-0.00040562645280495246,15.681999999999999
2024-12-27,15.95,4.33,0.31,316.528,4.2,71.28,2.84,-0.011055735815118317,15.2
2024-12-30,17.4,4.33,0.31,316.528,4.2,71.73,2.94,-0.010702011777237508,15.324000000000002
2024-12-31,17.35,4.33,0.33,316.528,4.2,72.44,2.92,-0.004284790432948271,15.940000000000001
2025-01-01,17.35,4.33,0.33,318.961,4.0,72.44,2.92,0.0,16.556
2025-01-02,17.93,4.33,0.32,318.961,4.0,73.79,2.88,-0.002223873314030289,17.196
2025-01-03,16.13,4.33,0.32,318.961,4.0,74.64,2.81,0.012595956411720177,17.232
2025-01-06,16.04,4.33,0.34,318.961,4.0,74.31,2.76,0.005538101159955344,16.96
2025-01-07,17.82,4.33,0.37,318.961,4.0,74.99,2.79,-0.011103896321238205,17.054
2025-01-08,17.7,4.33,0.39,318.961,4.0,73.99,2.84,0.0015603237756451893,17.124
2025-01-09,18.07,4.33,0.41,318.961,4.0,73.99,2.82,0.0,17.151999999999997
2025-01-10,19.54,4.33,0.37,318.961,4.0,77.27,2.81,-0.01541165040341319,17.834
2025-01-13,19.19,4.33,0.39,318.961,4.0,79.57,2.85,0.0015754139322881056,18.464
2025-01-14,18.71,4.33,0.41,318.961,4.0,78.2,2.8,0.001146289893115604,18.642000000000003
2025-01-15,16.12,4.33,0.39,318.961,4.0,80.73,2.72,0.018312792769356268,18.326
2025-01-16,16.6,4.33,0.38,318.961,4.0,79.35,2.73,-0.002112636997870454,18.032000000000004
2025-01-17,15.97,4.33,0.34,318.961,4.0,78.56,2.64,0.009991006073426734,17.318
2025-01-20,15.81,4.33,0.34,318.961,4.0,78.56,2.64,0.0,16.642000000000003
2025-01-21,15.06,4.33,0.28,318.961,4.0,76.79,2.61,0.00876821430596375,15.912
2025-01-22,15.1,4.33,0.31,318.961,4.0,76.12,2.59,0.006137961132307579,15.708000000000002
2025-01-23,15.02,4.33,0.36,318.961,4.0,75.03,2.61,0.00531351199483443,15.392000000000001
2025-01-24,14.85,4.33,0.36,318.961,4.0,74.97,2.6,-0.0028551769899211044,15.168000000000001
2025-01-27,17.9,4.33,0.36,318.961,4.0,73.51,2.66,-0.0145806426234667,15.586000000000002
2025-01-28,16.41,4.33,0.36,318.961,4.0,74.15,2.66,0.009217800900823026,15.856
2025-01-29,16.56,4.33,0.34,318.961,4.0,72.94,2.68,-0.004678873378710091,16.148000000000003
2025-01-30,15.84,4.33,0.34,318.961,4.0,73.1,2.67,0.0052754370946348494,16.311999999999998
2025-01-31,16.43,4.33,0.36,318.961,4.0,72.84,2.68,-0.005046803169735048,16.628
2025-02-03,18.62,4.33,0.28,318.961,4.0,73.52,2.73,-0.007608603880785325,16.772000000000002
2025-02-04,17.21,4.33,0.31,318.961,4.0,73.04,2.71,0.007224871842350655,16.932
2025-02-05,15.77,4.33,0.26,318.961,4.0,71.39,2.69,0.003908656680821743,16.773999999999997
2025-02-06,15.5,4.33,0.24,318.961,4.0,70.97,2.66,0.00364432448840879,16.706
2025-02-07,16.54,4.33,0.2,318.961,4.0,71.32,2.67,-0.009464837258386094,16.728
2025-02-10,15.81,4.33,0.23,318.961,4.0,72.73,2.66,0.006712589964470439,16.166000000000004
2025-02-11,16.02,4.33,0.25,318.961,4.0,73.67,2.66,0.00033957312690802155,15.928
2025-02-12,15.89,4.33,0.26,318.961,4.0,71.72,2.65,-0.002723902117491961,15.952000000000002
2025-02-13,15.1,4.33,0.21,318.961,4.0,71.66,2.65,0.010426357037460532,15.872
2025-02-14,14.77,4.33,0.21,318.961,4.0,71.05,2.62,-7.195338728738232e-05,15.518
2025-02-17,15.37,4.33,0.21,318.961,4.0,71.05,2.62,0.0,15.430000000000001
2025-02-18,15.35,4.33,0.26,318.961,4.0,72.21,2.62,0.0024449557863681637,15.296000000000001
2025-02-19,15.27,4.33,0.25,318.961,4.0,72.58,2.68,0.002376998097748828,15.172
2025-02-20,15.66,4.33,0.22,318.961,4.0,72.88,2.66,-0.004334204080303938,15.284
2025-02-21,18.21,4.33,0.23,318.961,4.0,70.72,2.78,-0.0170641044083224,15.972
2025-02-24,18.98,4.33,0.27,318.961,4.0,71.06,2.78,-0.0049691258961639395,16.694
2025-02-25,19.43,4.33,0.23,318.961,4.0,69.15,2.84,-0.004679730915472358,17.509999999999998
2025-02-26,19.1,4.33,0.2,318.961,4.0,68.87,2.81,0.0001360144410393893,18.276000000000003
2025-02-27,21.13,4.33,0.22,318.961,4.0,70.62,2.81,-0.01586451446090209,19.369999999999997
2025-02-28,19.63,4.33,0.25,318.961,4.0,69.97,2.87,0.015854114170776867,19.654
2025-03-03,22.78,4.33,0.2,318.961,4.0,68.63,2.94,-0.017596775547904953,20.413999999999998
2025-03-04,23.51,4.33,0.26,318.961,4.0,68.47,2.99,-0.012234773630190987,21.23
2025-03-05,21.93,4.33,0.29,318.961,4.0,66.58,2.88,0.011159281084776262,21.796
2025-03-06,24.87,4.33,0.33,318.961,4.0,66.62,2.99,-0.017819030128555013,22.544
2025-03-07,23.37,4.33,0.33,318.961,4.0,67.29,2.97,0.005520587189728143,23.292
2025-03-10,27.86,4.33,0.33,318.961,4.0,66.31,3.16,-0.026973068524487775,24.308
2025-03-11,26.92,4.33,0.34,318.961,4.0,66.52,3.22,-0.007567823658488071,24.990000000000002
2025-03-12,24.23,4.33,0.31,318.961,4.0,67.65,3.2,0.004886873280486537,25.450000000000003
2025-03-13,24.66,4.33,0.33,318.961,4.0,66.82,3.4,-0.013891022092047178,25.408
2025-03-14,21.77,4.33,0.29,318.961,4.0,67.43,3.25,0.021265883307494793,25.088
2025-03-17,20.51,4.33,0.25,318.961,4.0,67.84,3.18,0.006416099479689574,23.618000000000002
2025-03-18,21.7,4.33,0.25,318.961,4.0,67.49,3.23,-0.010653519220738983,22.574
2025-03-19,19.9,4.33,0.26,318.961,4.0,67.4,3.19,0.010798516740105457,21.708
2025-03-20,19.8,4.33,0.29,318.961,4.0,68.55,3.17,-0.002184910374623983,20.736
2025-03-21,19.28,4.33,0.31,318.961,4.0,68.52,3.21,0.0008246672635350283,20.238
2025-03-24,17.48,4.33,0.3,318.961,4.0,69.46,3.05,0.017646041682840563,19.631999999999998
2025-03-25,17.15,4.33,0.35,318.961,4.0,69.48,3.09,0.0015743198608773046,18.722
2025-03-26,18.33,4.33,0.37,318.961,4.0,70.05,3.19,-0.01115698545004451,18.408
2025-03-27,18.69,4.33,0.41,318.961,4.0,70.3,3.27,-0.0033069570393192693,18.186
2025-03-28,21.65,4.33,0.38,318.961,4.0,69.74,3.47,-0.019737200328104554,18.660000000000004
2025-03-31,22.28,4.33,0.34,318.961,4.0,71.87,3.55,0.0055384935154294546,19.619999999999997
2025-04-01,21.77,4.33,0.3,320.302,4.2,71.61,3.5,0.003781284246727745,20.544
2025-04-02,21.51,4.33,0.29,320.302,4.2,72.12,3.42,0.006728125160880394,21.18
2025-04-03,30.02,4.33,0.35,320.302,4.2,67.43,4.01,-0.04839560075260485,23.446
2025-04-04,45.31,4.33,0.33,320.302,4.2,62.42,4.45,-0.05974961641947041,28.178000000000004
2025-04-07,46.98,4.33,0.42,320.302,4.2,61.05,4.61,-0.0023314571311449095,33.118
2025-04-08,52.33,4.33,0.55,320.302,4.2,60.04,4.57,-0.015700528421156545,39.230000000000004
2025-04-09,33.62,4.33,0.43,320.302,4.2,62.63,4.37,0.09515390034057347,41.652
2025-04-10,40.72,4.33,0.56,320.302,4.2,60.57,4.42,-0.034607561069471604,43.791999999999994
2025-04-11,37.56,4.33,0.52,320.302,4.2,61.91,4.26,0.018092083408471682,42.242
2025-04-14,30.89,4.33,0.54,320.302,4.2,61.99,4.14,0.007944646639420183,39.024
2025-04-15,30.12,4.33,0.51,320.302,4.2,61.74,4.09,-0.0017277195396940837,34.582
2025-04-16,32.64,4.33,0.52,320.302,4.2,62.88,4.16,-0.022408428964001637,34.386
2025-04-17,29.65,4.33,0.53,320.302,4.2,65.07,4.02,0.0013268381447011368,32.172
2025-04-18,29.65,4.33,0.53,320.302,4.2,65.07,4.02,0.0,30.589999999999996
2025-04-21,33.82,4.33,0.67,320.302,4.2,63.48,4.16,-0.023567493895167213,31.176
2025-04-22,30.57,4.33,0.65,320.302,4.2,64.6,3.99,0.02511728897677501,31.266
2025-04-23,28.45,4.33,0.59,320.302,4.2,62.64,3.75,0.016661119264111734,30.427999999999997
2025-04-24,26.47,4.33,0.55,320.302,4.2,63.55,3.73,0.02025908412793509,29.791999999999994
2025-04-25,24.84,4.33,0.55,320.302,4.2,63.85,3.67,0.007373144179245283,28.830000000000002
2025-04-28,25.15,4.33,0.56,320.302,4.2,63.3,3.73,0.0006406996295162948,27.096000000000004
2025-04-29,24.17,4.33,0.54,320.302,4.2,61.84,3.74,0.0058023965634184105,25.815999999999995
2025-04-30,24.7,4.33,0.57,320.302,4.2,59.55,3.94,0.0014799948928487794,25.066
2025-05-01,24.6,4.33,0.55,320.62,4.3,60.59,3.78,0.006299088176460632,24.692
2025-05-02,22.68,4.33,0.5,320.62,4.3,59.67,3.6,0.014726612825518126,24.26
2025-05-05,23.64,4.33,0.53,320.62,4.3,58.5,3.6,-0.0063815906321273985,23.958000000000002
2025-05-06,24.76,4.33,0.52,320.62,4.3,60.42,3.66,-0.007693287885062627,24.076
2025-05-07,23.55,4.33,0.48,320.62,4.3,59.42,3.67,0.004346422539330819,23.846
2025-05-08,22.48,4.33,0.47,320.62,4.3,61.25,3.51,0.005799747126763233,23.422000000000004
2025-05-09,21.9,4.33,0.49,320.62,4.3,62.37,3.53,-0.0007115188367108338,23.266
2025-05-12,18.39,4.33,0.47,320.62,4.3,63.32,3.15,0.03255882160670387,22.216
2025-05-13,18.22,4.33,0.47,320.62,4.3,65.04,3.09,0.007248224304822415,20.907999999999998
2025-05-14,18.62,4.33,0.48,320.62,4.3,64.48,3.1,0.001024369112638146,19.922
2025-05-15,17.83,4.33,0.49,320.62,4.3,63.03,3.2,0.004132315556174104,18.991999999999997
2025-05-16,17.24,4.33,0.45,320.62,4.3,63.84,3.16,0.0070053220166539365,18.06
2025-05-19,18.14,4.33,0.49,320.62,4.3,63.98,3.21,0.000876077054501545,18.009999999999998
2025-05-20,18.09,4.33,0.51,320.62,4.3,63.97,3.2,-0.0038802065866255786,17.984
2025-05-21,20.87,4.33,0.58,320.62,4.3,62.93,3.25,-0.016135114115741978,18.433999999999997
2025-05-22,20.28,4.33,0.54,320.62,4.3,62.55,3.32,-0.0004448543187653975,18.924
2025-05-23,22.29,4.33,0.51,320.62,4.3,62.89,3.4,-0.006708307585916562,19.934
2025-05-26,20.57,4.33,0.51,320.62,4.3,62.89,3.4,0.0,20.419999999999998
2025-05-27,18.96,4.33,0.51,320.62,4.3,61.61,3.24,0.020459018201495205,20.594
2025-05-28,19.31,4.33,0.51,320.62,4.3,62.54,3.23,-0.005571185873944895,20.282
2025-05-29,19.18,4.33,0.51,320.62,4.3,61.66,3.22,0.004011174227950942,20.061999999999998
2025-05-30,18.57,4.33,0.52,320.62,4.3,61.46,3.31,-8.118846379590039e-05,19.318
2025-06-02,18.36,4.33,0.52,320.62,4.3,63.27,3.27,0.00410204188649943,18.876
2025-06-03,17.69,4.33,0.5,320.62,4.3,64.1,3.19,0.005800260784307065,18.622
2025-06-04,17.61,4.33,0.5,320.62,4.3,63.57,3.23,7.369727504324963e-05,18.282
2025-06-05,18.48,4.33,0.48,320.62,4.3,64.06,3.18,-0.005277340930292529,18.142000000000003
2025-06-06,16.77,4.33,0.47,320.62,4.3,65.3,3.09,0.010280672806559643,17.782
2025-06-09,17.16,4.33,0.48,320.62,4.3,65.99,3.12,0.0009199448033119229,17.541999999999998
2025-06-10,16.95,4.33,0.46,320.62,4.3,65.66,3.12,0.005482960032501483,17.394
2025-06-11,17.26,4.33,0.47,320.62,4.3,68.91,3.12,-0.002743918089822439,17.324
2025-06-12,18.02,4.33,0.46,320.62,4.3,68.73,3.17,0.0038224979409655635,17.232
2025-06-13,20.82,4.33,0.45,320.62,4.3,73.84,3.18,-0.01129645375054178,18.042
2025-06-16,19.11,4.33,0.49,320.62,4.3,72.53,3.1,0.009392719053299414,18.432
2025-06-17,21.6,4.33,0.45,320.62,4.3,75.62,3.17,-0.008352242873078675,19.362000000000002
2025-06-18,20.14,4.33,0.44,320.62,4.3,75.89,3.16,-0.00030922389816012696,19.938
2025-06-19,22.17,4.33,0.44,320.62,4.3,75.89,3.16,0.0,20.768
2025-06-20,20.62,4.33,0.48,320.62,4.3,75.72,3.13,-0.002178612810510794,20.728
2025-06-23,19.83,4.33,0.5,320.62,4.3,69.36,3.12,0.009606490790637912,20.872
2025-06-24,17.48,4.33,0.55,320.62,4.3,65.45,3.06,0.011121677894565751,20.048000000000002
2025-06-25,16.76,4.33,0.55,320.62,4.3,65.98,3.04,-3.282897091061443e-06,19.372
2025-06-26,16.59,4.33,0.56,320.62,4.3,66.44,3.04,0.008020143922681022,18.256
2025-06-27,16.32,4.33,0.56,320.62,4.3,66.66,3.02,0.005219002706390752,17.395999999999997
2025-06-30,16.73,4.33,0.52,320.62,4.3,66.3,2.96,0.0051643671625301035,16.776
2025-07-01,16.83,4.33,0.48,322.169,4.3,66.64,2.91,-0.0011184618731818752,16.646
2025-07-02,16.64,4.33,0.52,322.169,4.3,68.66,2.88,0.004745071401949907,16.622
2025-07-03,16.38,4.33,0.47,322.169,4.3,68.13,2.8,0.00833892687501403,16.580000000000002
2025-07-04,17.48,4.33,0.47,322.169,4.3,68.13,2.8,0.0,16.812
2025-07-07,17.79,4.33,0.5,322.169,4.3,69.16,2.86,-0.00786227873904155,17.024
2025-07-08,16.81,4.33,0.52,322.169,4.3,69.55,2.92,-0.0007158931489344988,17.02
2025-07-09,15.94,4.33,0.48,322.169,4.3,69.61,2.94,0.0060621442064277,16.880000000000003
2025-07-10,15.78,4.33,0.49,322.169,4.3,67.78,2.92,0.00274617371784025,16.76
2025-07-11,16.4,4.33,0.53,322.169,4.3,69.63,2.97,-0.0032975291618766445,16.544
2025-07-14,17.2,4.33,0.53,322.169,4.3,68.19,2.95,0.0014074044490595128,16.426
2025-07-15,17.38,4.33,0.55,322.169,4.3,67.76,2.95,-0.003956251515499609,16.54
2025-07-16,17.16,4.33,0.58,322.169,4.3,67.13,3.0,0.003193588478737075,16.784
2025-07-17,16.52,4.33,0.56,322.169,4.3,68.76,2.91,0.005373820585277134,16.932
2025-07-18,16.41,4.33,0.56,322.169,4.3,68.53,2.93,-9.051412020266714e-05,16.934
2025-07-21,16.65,4.33,0.53,322.169,4.3,68.39,2.89,0.0013991255862113583,16.823999999999998
2025-07-22,16.5,4.33,0.52,322.169,4.3,67.56,2.9,0.0006375285460542557,16.648
2025-07-23,15.37,4.33,0.52,322.169,4.3,66.05,2.83,0.007811880905664648,16.29
2025-07-24,15.39,4.33,0.52,322.169,4.3,67.16,2.82,0.000698232873244109,16.064
2025-07-25,14.93,4.33,0.49,322.169,4.3,66.38,2.84,0.003974321701619488,15.767999999999997
2025-07-28,15.03,4.33,0.51,322.169,4.3,67.81,2.82,0.00017687645570885202,15.443999999999999
2025-07-29,15.98,4.33,0.48,322.169,4.3,70.27,2.86,-0.0029594179446209568,15.34
2025-07-30,15.48,4.33,0.44,322.169,4.3,71.09,2.89,-0.001249438851269713,15.362
2025-07-31,16.72,4.33,0.43,322.169,4.3,70.36,2.86,-0.0036948561190650597,15.628
2025-08-01,20.38,4.33,0.54,323.291,4.3,68.39,3.13,-0.01599207494727417,16.718
2025-08-04,17.52,4.33,0.53,323.291,4.3,67.33,3.02,0.01473707159815385,17.216
2025-08-05,17.85,4.33,0.5,323.291,4.3,66.2,2.98,-0.004857865951336082,17.589999999999996
2025-08-06,16.77,4.33,0.53,323.291,4.3,65.38,2.98,0.007281888623775545,17.848000000000003
2025-08-07,16.57,4.33,0.51,323.291,4.3,64.9,2.95,-0.0007974707882983934,17.818
2025-08-08,15.15,4.33,0.51,323.291,4.3,64.94,2.94,0.007799684542586727,16.772000000000002
2025-08-11,16.25,4.33,0.51,323.291,4.3,65.03,2.94,-0.002504127898332431,16.518
2025-08-12,14.73,4.33,0.57,323.291,4.3,64.22,2.93,0.011345503612643082,15.894
2025-08-13,14.49,4.33,0.57,323.291,4.3,63.68,2.9,0.0032300302834731287,15.437999999999999
2025-08-14,14.83,4.33,0.55,323.291,4.3,64.99,2.89,0.00030309684562790373,15.09
2025-08-15,15.09,4.33,0.58,323.291,4.3,63.78,2.88,-0.0028970988816641174,15.078
2025-08-18,14.99,4.33,0.57,323.291,4.3,64.51,2.88,-0.00010077831870769494,14.825999999999999
2025-08-19,15.57,4.33,0.55,323.291,4.3,63.38,2.9,-0.005858136343549147,14.994
2025-08-20,15.69,4.33,0.55,323.291,4.3,64.19,2.94,-0.002431617579394141,15.234
2025-08-21,16.6,4.33,0.54,323.291,4.3,64.56,2.95,-0.00400420277120217,15.588
2025-08-22,14.22,4.33,0.58,323.291,4.3,64.08,2.88,0.01518640789806236,15.414000000000001
2025-08-25,14.79,4.33,0.55,323.291,4.3,65.18,2.8,-0.0042663343080389105,15.374
2025-08-26,14.62,4.33,0.65,323.291,4.3,63.6,2.78,0.004133976879546308,15.184000000000001
2025-08-27,14.85,4.33,0.65,323.291,4.3,64.49,2.78,0.002390990327779008,15.016
2025-08-28,14.43,4.33,0.6,323.291,4.3,64.96,2.75,0.003156725398833604,14.581999999999999
2025-08-29,15.36,4.33,0.64,323.291,4.3,64.36,2.82,-0.0063981691392923645,14.809999999999999
2025-09-01,16.12,4.33,0.64,324.245,4.4,64.36,2.84,0.0,15.075999999999999
2025-09-02,17.17,4.33,0.62,324.245,4.4,65.95,2.92,-0.006922322011807647,15.586000000000002
2025-09-03,16.35,4.33,0.61,324.245,4.4,64.36,2.88,0.005100116280157385,15.886000000000001
2025-09-04,15.3,4.33,0.58,324.245,4.4,63.81,2.84,0.00834643764364329,16.06
2025-09-05,15.18,4.33,0.59,324.245,4.4,62.22,2.83,-0.003165141001033489,16.024
2025-09-08,15.11,4.33,0.56,324.245,4.4,62.6,2.84,0.0021059939828742547,15.822
2025-09-09,15.04,4.33,0.54,324.245,4.4,62.97,2.87,0.0026881596267984698,15.396
2025-09-10,15.35,4.33,0.5,324.245,4.4,64.01,2.84,0.0029834428900241683,15.196000000000002
2025-09-11,14.71,4.33,0.49,324.245,4.4,62.71,2.78,0.008485863528086224,15.078
2025-09-12,14.76,4.33,0.5,324.245,4.4,63.02,2.79,-0.0004827346462299431,14.994
2025-09-15,15.69,4.33,0.51,324.245,4.4,63.66,2.75,0.004706657817319604,15.11
2025-09-16,16.36,4.33,0.53,324.245,4.4,64.89,2.79,-0.00128792734396721,15.374
2025-09-17,15.72,4.33,0.54,324.245,4.4,64.41,2.79,-0.0009702183823840915,15.448000000000002
2025-09-18,15.7,4.08,0.54,324.245,4.4,63.91,2.71,0.004789139969850087,15.646
2025-09-19,15.45,4.08,0.57,324.245,4.4,63.02,2.72,0.004885433567150432,15.784
2025-09-22,16.1,4.09,0.54,324.245,4.4,62.99,2.69,0.004410025868950784,15.866
2025-09-23,16.64,4.09,0.59,324.245,4.4,63.76,2.71,-0.005502147525676904,15.922
2025-09-24,16.18,4.09,0.59,324.245,4.4,65.4,2.7,-0.002846661819580154,16.014
2025-09-25,16.74,4.09,0.54,324.245,4.4,65.51,2.76,-0.005009061505249379,16.222
2025-09-26,15.29,4.09,0.57,324.245,4.4,66.5,2.75,0.00590183989631643,16.189999999999998
2025-09-29,16.12,4.09,0.52,324.245,4.4,64.27,2.74,0.0026355795716241914,16.194
2025-09-30,16.28,4.09,0.56,324.245,4.4,63.17,2.8,0.0040908483593822265,16.122
2025-10-01,16.29,4.09,0.57,324.245,4.4,62.59,2.81,0.0033998857734067744,16.144
2025-10-02,16.63,4.09,0.55,324.245,4.4,61.28,2.81,0.0006183692931220897,16.122
2025-10-03,16.65,4.09,0.55,324.245,4.4,61.65,2.8,6.552152903416264e-05,16.394
2025-10-06,16.37,4.09,0.58,324.245,4.4,62.49,2.76,0.0036466298082578064,16.444
2025-10-07,17.24,4.09,0.57,324.245,4.4,62.52,2.82,-0.003811414362608012,16.636
2025-10-08,16.3,4.1,0.55,324.245,4.4,63.37,2.84,0.005827608238179849,16.637999999999998
2025-10-09,16.43,4.1,0.54,324.245,4.4,62.36,2.95,-0.002755518440207827,16.598
2025-10-10,21.66,4.1,0.53,324.245,4.4,59.75,3.18,-0.027111658161485086,17.6
2025-10-13,19.03,4.1,0.53,324.245,4.4,59.75,3.18,0.015598602672868944,18.131999999999998
2025-10-14,20.81,4.1,0.55,324.245,4.4,59.52,3.11,-0.0015643032313906735,18.846
2025-10-15,20.64,4.1,0.55,324.245,4.4,59.08,2.95,0.004026001195007511,19.714000000000002
2025-10-16,25.31,4.11,0.58,324.245,4.4,58.29,3.04,-0.0062943520220175575,21.490000000000002
2025-10-17,20.78,4.11,0.56,324.245,4.4,58.3,3.04,0.005270724249404557,21.314
2025-10-20,18.23,4.11,0.54,324.245,4.4,58.34,2.99,0.010672252892777845,21.154000000000003
2025-10-21,17.87,4.11,0.53,324.245,4.4,58.66,2.97,3.266455138950519e-05,20.566
2025-10-22,18.6,4.11,0.52,324.245,4.4,59.3,3.01,-0.005337510300132964,20.158
2025-10-23,17.3,4.11,0.53,324.245,4.4,62.44,2.96,0.005827387527241212,18.556
2025-10-24,16.37,4.11,0.54,324.245,4.4,62.27,2.88,0.007902422519158847,17.674
2025-10-27,15.79,4.12,0.53,324.245,4.4,62.13,2.8,0.012290019126314666,17.186
2025-10-28,16.42,4.12,0.52,324.245,4.4,60.97,2.82,0.0022879467532392894,16.896
2025-10-29,16.92,4.12,0.49,324.245,4.4,61.26,2.76,-4.353574066628951e-05,16.56
2025-10-30,16.91,3.87,0.5,324.245,4.4,61.36,2.85,-0.009904812214919234,16.482
2025-10-31,17.44,3.86,0.51,324.245,4.4,61.75,2.94,0.0026178701149457417,16.696
2025-11-03,17.17,3.87,0.53,324.245,4.4,61.79,3.04,0.0017207099207625642,16.972
2025-11-04,19.0,3.87,0.52,324.245,4.4,61.38,3.13,-0.011736770592982726,17.488000000000003
2025-11-05,18.01,3.87,0.54,324.245,4.4,60.4,3.05,0.0036535209811638936,17.706
2025-11-06,19.5,3.87,0.54,324.245,4.4,60.24,3.13,-0.011178157494750818,18.224
2025-11-07,19.08,3.87,0.56,324.245,4.4,60.54,3.15,0.0012618446740633171,18.552
2025-11-10,17.6,3.87,0.55,324.245,4.4,60.94,3.02,0.015400963024610581,18.637999999999998
2025-11-11,17.28,3.87,0.55,324.245,4.4,60.94,3.02,0.0020753963084874094,18.294
2025-11-12,17.51,3.87,0.52,324.245,4.4,59.3,3.02,0.0006295086181336007,18.194000000000003
2025-11-13,20.0,3.88,0.53,324.245,4.4,59.54,3.09,-0.016556900387101336,18.294
2025-11-14,19.83,3.88,0.52,324.245,4.4,60.87,3.07,-0.0005016705034071034,18.444000000000003
2025-11-17,22.38,3.88,0.53,324.245,4.4,60.66,3.13,-0.009162309495983845,19.4
2025-11-18,24.69,3.88,0.54,324.245,4.4,61.51,3.2,-0.008256387122493991,20.881999999999998
2025-11-19,23.66,3.88,0.55,324.245,4.4,60.27,3.17,0.0037537855204221593,22.112000000000002
2025-11-20,26.42,3.88,0.55,324.245,4.4,60.07,3.17,-0.01556722511953934,23.395999999999997
2025-11-21,23.43,3.88,0.55,324.245,4.4,58.86,3.19,0.00982296337531885,24.116
2025-11-24,20.52,3.88,0.58,324.245,4.4,59.11,3.15,0.015467235297948356,23.744
2025-11-25,18.56,3.88,0.58,324.245,4.4,58.25,3.1,0.009061731930226413,22.518
2025-11-26,17.19,3.88,0.55,324.245,4.4,58.81,3.0,0.006906714278112958,21.224
2025-11-27,17.21,3.88,0.55,324.245,4.4,58.81,3.0,0.0,19.381999999999998
2025-11-28,16.35,3.89,0.55,324.245,4.4,58.58,2.95,0.005354775922884247,17.966
2025-12-01,17.24,3.89,0.55,326.031,4.4,59.47,2.94,-0.00532333492478565,17.310000000000002
2025-12-02,16.59,3.89,0.58,326.031,4.4,58.81,2.92,0.002457200816718297,16.916
2025-12-03,16.08,3.89,0.57,326.031,4.4,59.09,2.89,0.002979777051177468,16.694
2025-12-04,15.78,3.89,0.59,326.031,4.4,59.82,2.88,0.0010803361305278258,16.407999999999998
2025-12-05,15.41,3.89,0.58,326.031,4.4,60.23,2.85,0.0019366731222436595,16.22
2025-12-08,16.66,3.89,0.6,326.031,4.4,59.04,2.89,-0.0034772356776897606,16.104
2025-12-09,16.93,3.89,0.57,326.031,4.4,58.4,2.89,-0.0008763589040255981,16.171999999999997
2025-12-10,15.77,3.89,0.59,326.031,4.4,58.67,2.91,0.006749496748049477,16.11
2025-12-11,14.85,3.64,0.62,326.031,4.4,57.76,2.88,0.0020793764194066977,15.923999999999998
2025-12-12,15.74,3.64,0.67,326.031,4.4,57.61,2.91,-0.010663671931604113,15.989999999999998
2025-12-15,16.5,3.64,0.67,326.031,4.4,56.97,2.91,-0.0015965058492165562,15.957999999999998
2025-12-16,16.48,3.64,0.67,326.031,4.4,55.44,2.98,-0.0023839178699950336,15.868
2025-12-17,17.62,3.64,0.67,326.031,4.4,56.07,2.99,-0.011592203827500702,16.238
2025-12-18,16.87,3.64,0.66,326.031,4.4,56.22,2.95,0.007934323499612317,16.642
2025-12-19,14.91,3.64,0.68,326.031,4.4,56.8,2.9,0.008818024549947179,16.476
2025-12-22,14.08,3.64,0.73,326.031,4.4,58.18,2.88,0.006436462067451965,15.992
2025-12-23,14.0,3.64,0.7,326.031,4.4,58.55,2.83,0.004550417315428268,15.496
2025-12-24,13.47,3.64,0.68,326.031,4.4,58.72,2.84,0.0032215161386959235,14.666
2025-12-25,13.47,3.64,0.68,326.031,4.4,58.72,2.84,0.0,13.985999999999999
2025-12-26,13.6,3.64,0.68,326.031,4.4,56.6,2.86,-0.0003043832632483312,13.724
2025-12-29,14.2,3.64,0.67,326.031,4.4,57.89,2.87,-0.0034920937266411656,13.748000000000001
2025-12-30,14.33,3.64,0.69,326.031,4.4,57.79,2.84,-0.0013756671985912794,13.814000000000002
2025-12-31,14.95,3.64,0.71,326.031,4.4,57.26,2.81,-0.0073576325649918894,14.11
2026-01-01,14.95,3.64,0.71,326.588,4.3,57.26,2.81,0.0,14.406
2026-01-02,14.51,3.64,0.72,326.588,4.3,57.21,2.83,0.0018946753341611,14.588
2026-01-05,14.9,3.64,0.71,326.588,4.3,58.1,2.81,0.0063541868667500445,14.728
2026-01-06,14.75,3.64,0.71,326.588,4.3,56.97,2.79,0.006196709673212952,14.812000000000001
2026-01-07,15.38,3.64,0.68,326.588,4.3,56.01,2.79,-0.0034399739662078765,14.898
2026-01-08,15.45,3.64,0.7,326.588,4.3,57.74,2.76,7.65793036485718e-05,14.998000000000001
2026-01-09,14.49,3.64,0.64,326.588,4.3,58.96,2.74,0.006475512391894256,14.994
2026-01-12,15.12,3.64,0.65,326.588,4.3,59.39,2.74,0.0015775995222702122,15.038
2026-01-13,15.98,3.64,0.65,326.588,4.3,60.85,2.75,-0.0019391538524380358,15.284
2026-01-14,16.75,3.64,0.64,326.588,4.3,61.84,2.76,-0.0053333409920530706,15.558000000000002
2026-01-15,15.84,3.64,0.61,326.588,4.3,59.13,2.71,0.002579909335027164,15.636000000000001
2026-01-16,15.86,3.64,0.65,326.588,4.3,59.4,2.65,-0.000642237636565457,15.91
2026-01-19,18.84,3.64,0.65,326.588,4.3,59.4,2.65,0.0,16.654000000000003
2026-01-20,20.09,3.64,0.7,326.588,4.3,60.3,2.73,-0.020626771431165203,17.476
2026-01-21,16.9,3.64,0.66,326.588,4.3,60.38,2.69,0.011587703733783039,17.506
2026-01-22,15.64,3.64,0.65,326.588,4.3,59.24,2.64,0.005487505126810399,17.466
2026-01-23,16.09,3.64,0.64,326.588,4.3,60.7,2.68,0.0003269037442048539,17.512
2026-01-26,16.15,3.64,0.66,326.588,4.3,60.46,2.69,0.005006065986948416,16.973999999999997
2026-01-27,16.35,3.64,0.71,326.588,4.3,62.04,2.71,0.004081879304713709,16.226000000000003
2026-01-28,16.35,3.64,0.7,326.588,4.3,62.75,2.72,-8.16782735792998e-05,16.116
2026-01-29,16.88,3.64,0.71,326.588,4.3,64.77,2.77,-0.0012926284352460238,16.363999999999997
2026-01-30,17.44,3.64,0.74,326.588,4.3,64.5,2.8,-0.004301902278802894,16.634
2026-02-02,16.34,3.64,0.72,326.588,4.3,61.6,2.81,0.005391243444688998,16.672000000000004
2026-02-03,18.0,3.64,0.71,326.588,4.3,62.62,2.85,-0.008403999747722213,17.002
2026-02-04,18.64,3.64,0.72,326.588,4.3,64.56,2.86,-0.005072414535814085,17.46
2026-02-05,21.77,3.64,0.74,326.588,4.3,62.9,2.97,-0.01225097054652824,18.438000000000002
2026-02-06,17.76,3.64,0.72,326.588,4.3,63.77,2.87,0.01969581077900684,18.502
2026-02-09,17.36,3.64,0.74,326.588,4.3,64.53,2.84,0.0046910837672922145,18.706
2026-02-10,17.79,3.64,0.71,326.588,4.3,64.2,2.86,-0.003303746543341979,18.663999999999998
2026-02-11,17.65,3.64,0.66,326.588,4.3,64.8,2.84,-4.897858051433612e-05,18.466
2026-02-12,20.82,3.64,0.62,326.588,4.3,63.08,2.92,-0.015660947897203292,18.276
2026-02-13,20.6,3.64,0.64,326.588,4.3,63.05,2.95,0.0004990662631205733,18.844
2026-02-16,21.2,3.64,0.64,326.588,4.3,63.05,2.94,0.0,19.612
2026-02-17,20.29,3.64,0.62,326.588,4.3,62.53,2.94,0.0010312792104349988,20.112000000000002
2026-02-18,19.62,3.64,0.62,326.588,4.3,65.33,2.86,0.005566093154976803,20.506
2026-02-19,20.23,3.64,0.61,326.588,4.3,66.66,2.88,-0.0028221370640183485,20.387999999999998
2026-02-20,19.09,3.64,0.6,326.588,4.3,66.69,2.86,0.00693977898217546,20.086000000000002
2026-02-23,21.01,3.64,0.6,326.588,4.3,66.36,2.95,-0.010385685815636703,20.048000000000002
2026-02-24,19.55,3.64,0.61,326.588,4.3,65.62,2.97,0.007651639793791798,19.9
2026-02-25,17.93,3.64,0.6,326.588,4.3,65.3,2.94,0.008136346945676998,19.562
2026-02-26,18.63,3.64,0.6,326.588,4.3,65.1,2.98,-0.005365577666988752,19.242
2026-02-27,19.86,3.64,0.59,326.588,4.3,66.96,3.1,-0.00433935555214604,19.396
2026-03-02,21.44,3.64,0.58,326.588,4.3,71.13,3.03,0.0003983206568511921,19.482
2026-03-03,23.57,3.64,0.55,326.588,4.3,74.48,3.08,-0.009443997198334109,20.286
2026-03-04,21.15,3.64,0.55,326.588,4.3,74.58,2.97,0.007756031939536001,20.93
2026-03-05,23.75,3.64,0.56,326.588,4.3,80.88,3.0,-0.005646699177523806,21.954
2026-03-06,29.49,3.64,0.59,326.588,4.3,90.77,3.13,-0.013276804314631963,23.88
2026-03-09,25.5,3.64,0.56,326.588,4.3,94.65,3.19,0.008304129661336201,24.692
2026-03-10,24.93,3.64,0.58,326.588,4.3,83.71,3.06,-0.0021350826001804712,24.964
2026-03-11,24.23,3.64,0.57,326.588,4.3,86.8,3.09,-0.0008375752785526602,25.580000000000002
2026-03-12,27.29,3.64,0.51,326.588,4.3,95.61,3.17,-0.015227722187786008,26.288
2026-03-13,27.19,3.64,0.55,326.588,4.3,98.48,3.28,-0.006059089233314663,25.828000000000003
2026-03-16,23.51,3.64,0.55,326.588,4.3,93.39,3.27,0.010130891907499606,25.43
2026-03-17,22.37,3.64,0.52,326.588,4.3,96.01,3.22,0.002494260662927017,24.918
2026-03-18,25.09,3.64,0.5,326.588,4.3,96.12,3.2,-0.013607619909798752,25.090000000000003
2026-03-19,24.06,3.64,0.46,326.588,4.3,96.11,3.27,-0.0027488037194136616,24.444
2026-03-20,26.78,3.64,0.51,326.588,4.3,98.71,3.24,-0.015138144460977054,24.362000000000002
2026-03-23,26.15,3.64,0.51,326.588,4.3,89.33,3.19,0.011453197427795159,24.89
2026-03-24,26.95,3.64,0.49,326.588,4.3,93.18,3.19,-0.003742592311198889,25.806
2026-03-25,25.33,3.64,0.49,326.588,4.3,91.51,3.17,0.005419157247074091,25.853999999999996
2026-03-26,27.44,3.64,0.46,326.588,4.3,96.18,3.21,-0.01740621065246739,26.53
2026-03-27,31.05,3.64,0.56,326.588,4.3,101.26,3.42,-0.016721834878249076,27.384000000000004
2026-03-30,30.61,3.64,0.53,326.588,4.3,104.69,3.46,-0.003945767289228019,28.276
2026-03-31,25.25,3.64,0.51,326.588,4.3,102.86,3.28,0.029131172245937753,27.936
2026-04-01,24.54,3.64,0.52,326.588,4.3,101.9,3.16,0.007168546623124161,27.778
2026-04-02,23.87,3.64,0.52,326.588,4.3,113.23,3.17,0.0011208579962647125,27.064
2026-04-03,23.87,3.64,0.51,326.588,4.3,113.23,3.13,0.0,25.627999999999997
2026-04-06,24.17,3.64,0.5,326.588,4.3,114.01,3.05,0.0044267617038020735,24.34
2026-04-07,25.78,3.64,0.52,326.588,4.3,114.01,3.12,0.0007592451711553316,24.446
2026-04-08,21.04,3.64,0.5,326.588,4.3,114.01,2.94,0.025081420917808295,23.746
2026-04-09,19.49,3.64,0.51,326.588,4.3,114.01,2.9,0.006170009184983671,22.87
